{"stats":{"minecraft:dropped":{"minecraft:spruce_sign":2,"minecraft:iron_sword":1,"minecraft:brown_mushroom":19,"minecraft:cooked_beef":1,"minecraft:baked_potato":50,"minecraft:large_amethyst_bud":5,"minecraft:diamond":1,"minecraft:lantern":1,"minecraft:rooted_dirt":2,"minecraft:mossy_cobblestone_wall":1,"minecraft:red_mushroom":10,"minecraft:dirt":84,"minecraft:grass":5,"magistuarmory:rusted_bastardsword":1,"minecraft:gold_nugget":6,"minecraft:bone_meal":165,"minecraft:amethyst_shard":12,"croptopia:barley_seed":1,"minecraft:sunflower":2,"magistuarmory:corruptedroundshield":3,"paraglider:paraglider":1,"magistuarmory:rustedchainmail_leggings":4,"minecraft:gravel":1,"minecraft:cobbled_deepslate":3,"minecraft:rotten_flesh":38,"evilcraft:flesh_humanoid":2,"paraglider:deku_leaf":1,"waystones:warp_stone":1,"supplementaries:ash":4,"minecraft:arrow":5,"minecraft:glass":16,"rechiseled:cobblestone_pulverized":54,"croptopia:mustard":1,"magistuarmory:rustedchainmail_boots":5,"croptopia:barley":1,"minecraft:egg":1,"minecraft:iron_ingot":2,"minecraft:bread":4,"minecraft:wheat_seeds":22,"evilcraft:condensed_blood":2,"minecraft:iron_helmet":2,"minecraft:feather":2,"minecraft:cobblestone":124,"minecraft:amethyst_block":4,"evilcraft:dark_gem":1,"croptopia:soybean_seed":1,"minecraft:torch":2,"byg:soapstone":2,"tombstone:grave_dust":1,"byg:prairie_grass":1,"evilcraft:darkened_apple":1,"magistuarmory:rustedbarbute":2,"sophisticatedbackpacks:crafting_upgrade":1,"minecraft:moss_carpet":2,"minecraft:coarse_dirt":3,"minecraft:cobblestone_wall":2,"ars_nouveau:glyph_ignite":1,"supplementaries:quiver":2,"minecraft:shield":1,"magistuarmory:rustedchainmail_helmet":1,"minecraft:bundle":1,"minecraft:iron_chestplate":1,"minecraft:oak_sapling":7,"ars_nouveau:starbuncle_shards":2,"croptopia:fig":1,"minecraft:spider_eye":3,"minecraft:stone_pickaxe":1,"minecraft:wooden_pickaxe":3,"minecraft:medium_amethyst_bud":6},"minecraft:killed_by":{"minecraft:creeper":1,"minecraft:zombie":2,"minecraft:player":3,"minecraft:enderman":4},"minecraft:used":{"magistuarmory:corruptedroundshield":2,"minecraft:iron_shovel":502,"minecraft:ladder":5,"minecraft:chest":13,"minecraft:shield":61,"minecraft:iron_sword":460,"minecraft:rotten_flesh":15,"minecraft:deepslate_tile_slab":1,"minecraft:cracked_deepslate_tiles":4,"minecraft:milk_bucket":1,"ars_elemental:yellow_archwood_sapling":1,"minecraft:quartz_pillar":5,"minecraft:lantern":5,"minecraft:iron_helmet":2,"minecraft:magma_block":7,"minecraft:bow":13,"minecraft:oak_sapling":4,"minecraft:furnace":5,"rechiseled:bone_block_rib":6,"minecraft:egg":1,"minecraft:potato":120,"botania:white_mystical_flower":3,"minecraft:oak_planks":77,"minecraft:stone_pickaxe":128,"minecraft:ender_pearl":1,"minecraft:wooden_pickaxe":13,"elevatorid:elevator_white":6,"supplementaries:candle_holder":4,"minecraft:blast_furnace":1,"minecraft:shears":10,"croptopia:orange":1,"minecraft:deepslate_tiles":7,"waystones:waystone":3,"minecraft:bread":50,"minecraft:gravel":8,"rechiseled:cobblestone_pulverized":223,"rechiseled:bone_block_pillar":1,"minecraft:air":83,"minecraft:coarse_dirt":13,"minecraft:stone_sword":74,"minecraft:flint_and_steel":24,"minecraft:stone_shovel":263,"minecraft:stick":1,"minecraft:torch":49,"minecraft:dirt":619,"minecraft:mud_brick_stairs":33,"ars_nouveau:green_archwood_leaves":1,"minecraft:iron_hoe":138,"minecraft:iron_axe":89,"minecraft:oak_stairs":1,"minecraft:rooted_dirt":6,"minecraft:mud_bricks":28,"evilcraft:flesh_humanoid":1,"minecraft:smooth_basalt":1,"croptopia:persimmon":2,"minecraft:beef":2,"tombstone:gift":5,"minecraft:cooked_beef":26,"minecraft:cobbled_deepslate":1,"minecraft:calcite":3,"minecraft:cooked_mutton":3,"minecraft:wheat_seeds":46,"minecraft:water_bucket":55,"minecraft:pink_tulip":1,"minecraft:polished_andesite":2,"minecraft:glass_bottle":83,"minecraft:baked_potato":122,"evilcraft:blood_infuser":3,"minecraft:spruce_sign":1,"magistuarmory:stone_pike":75,"minecraft:crafting_table":8,"minecraft:red_mushroom":4,"magistuarmory:stone_claymore":1,"minecraft:white_bed":6,"minecraft:oak_log":3,"minecraft:apple":7,"minecraft:iron_pickaxe":641,"minecraft:stone_slab":1,"minecraft:spruce_trapdoor":6,"byg:soapstone":2,"minecraft:stone_axe":47,"minecraft:cobblestone":184,"croptopia:peach_sapling":2,"minecraft:potion":83,"minecraft:porkchop":6,"minecraft:cooked_porkchop":5,"minecraft:bucket":56,"minecraft:pumpkin_pie":7,"magistuarmory:iron_rondache":3,"minecraft:stripped_oak_log":2},"minecraft:broken":{"minecraft:iron_shovel":2,"minecraft:iron_boots":1,"minecraft:iron_leggings":1,"minecraft:iron_sword":1,"minecraft:stone_shovel":2,"magistuarmory:rustedhalfarmor_chestplate":1,"minecraft:shield":1,"minecraft:iron_pickaxe":2,"minecraft:iron_helmet":1},"minecraft:crafted":{"minecraft:oak_planks":448,"minecraft:packed_mud":78,"sophisticatedbackpacks:crafting_upgrade":2,"paraglider:deku_leaf":1,"minecraft:cooked_mutton":3,"minecraft:glass":40,"evilcraft:blood_extractor":3,"minecraft:chest":5,"minecraft:glass_bottle":3,"minecraft:mud_brick_stairs":32,"minecraft:crafting_table":4,"minecraft:cooked_porkchop":5,"minecraft:spruce_planks":40,"minecraft:wooden_pickaxe":1,"minecraft:baked_potato":153,"waystones:warp_stone":2,"sophisticatedbackpacks:upgrade_base":2,"minecraft:iron_chestplate":1,"minecraft:stick":24,"minecraft:iron_ingot":46,"minecraft:iron_pickaxe":1,"minecraft:stone_sword":1,"minecraft:shears":1,"evilcraft:dark_spike":16,"minecraft:coal":9,"minecraft:stone_shovel":2,"ad_astra:steel_ingot":3,"magistuarmory:wood_heatershield":1,"minecraft:furnace":2,"minecraft:mud_bricks":76,"minecraft:blast_furnace":1,"minecraft:bone_meal":264,"minecraft:flint_and_steel":1,"minecraft:iron_hoe":1,"minecraft:stone_pickaxe":1,"evilcraft:darkened_apple":1,"minecraft:wheat":90,"sophisticatedbackpacks:iron_backpack":1,"minecraft:cooked_beef":17,"paraglider:paraglider":1,"minecraft:bone_block":5,"elevatorid:elevator_white":2,"evilcraft:blood_infusion_core":1,"sophisticatedbackpacks:gold_backpack":1,"minecraft:bucket":1,"minecraft:stone_axe":1,"minecraft:bread":16,"minecraft:air":0,"evilcraft:blood_infuser":1,"minecraft:iron_shovel":2,"minecraft:iron_leggings":1,"minecraft:white_bed":3,"minecraft:torch":4},"minecraft:killed":{"minecraft:spider":10,"minecraft:skeleton":34,"minecraft:chicken":3,"minecraft:pig":5,"minecraft:creeper":6,"minecraft:sheep":7,"minecraft:pillager":2,"minecraft:zombie":41,"alexsmobs:fly":1,"minecraft:cow":13,"mca:female_zombie_villager":1,"mca:male_zombie_villager":1,"minecraft:wandering_trader":2,"minecraft:squid":3,"minecraft:enderman":12},"minecraft:custom":{"minecraft:interact_with_crafting_table":73,"minecraft:open_barrel":27,"minecraft:bell_ring":8,"minecraft:eat_cake_slice":6,"minecraft:leave_game":9,"minecraft:time_since_death":167632,"minecraft:sprint_one_cm":2788140,"minecraft:damage_blocked_by_shield":2708,"minecraft:drop":177,"minecraft:talked_to_villager":3,"minecraft:play_time":1042747,"minecraft:deaths":12,"minecraft:jump":16149,"minecraft:walk_on_water_one_cm":79766,"minecraft:interact_with_furnace":79,"minecraft:sleep_in_bed":24,"minecraft:waystone_activated":10,"tombstone:sneak_grave":1,"minecraft:damage_dealt":26379,"minecraft:crouch_one_cm":56412,"tombstone:undead_killed":77,"tombstone:villager_killed":2,"minecraft:interact_with_smoker":7,"minecraft:interact_with_smithing_table":2,"minecraft:mob_kills":139,"minecraft:damage_dealt_resisted":64,"minecraft:climb_one_cm":36089,"minecraft:walk_one_cm":2110961,"minecraft:sneak_time":18886,"minecraft:walk_under_water_one_cm":41688,"minecraft:interact_with_blast_furnace":5,"minecraft:total_world_time":1042747,"tombstone:raider_killed":2,"minecraft:time_since_rest":3036,"minecraft:damage_taken":13124,"minecraft:swim_one_cm":105597,"minecraft:fly_one_cm":4117145,"minecraft:open_chest":342,"minecraft:fall_one_cm":345918},"minecraft:picked_up":{"minecraft:wheat":40,"minecraft:stone_slab":1,"minecraft:lead":5,"minecraft:oak_stairs":1,"minecraft:gilded_blackstone":26,"croptopia:calamari":3,"minecraft:amethyst_block":6,"supplementaries:candle_holder":4,"minecraft:string":22,"evilcraft:ender_tear":2,"minecraft:smooth_stone_slab":2,"minecraft:deepslate_tiles":7,"minecraft:smooth_stone":1,"minecraft:gold_nugget":22,"minecraft:cobbled_deepslate":31,"minecraft:calcite":8,"croptopia:mustard_seed":1,"minecraft:furnace":4,"minecraft:stick":11,"croptopia:barley_seed":1,"croptopia:peach_sapling":2,"minecraft:torch":55,"minecraft:porkchop":12,"tombstone:grave_dust":14,"croptopia:fig":2,"rechiseled:bone_block_rib":6,"botania:white_mystical_flower":4,"croptopia:persimmon":2,"tconstruct:sky_slime_crystal":8,"minecraft:rotten_flesh":49,"supplementaries:quiver":2,"supplementaries:ash":4,"minecraft:cobblestone":389,"paraglider:paraglider":1,"minecraft:magma_block":19,"minecraft:feather":2,"minecraft:cooked_beef":9,"magistuarmory:rustedchainmail_boots":5,"minecraft:medium_amethyst_bud":6,"minecraft:mud_brick_stairs":5,"minecraft:potato":178,"minecraft:flint":7,"minecraft:stripped_spruce_wood":1,"minecraft:tuff":3,"ars_elemental:yellow_archwood_sapling":2,"evilcraft:flesh_humanoid":3,"minecraft:lapis_lazuli":87,"minecraft:dirt":844,"minecraft:lantern":6,"botania:white_double_flower":1,"minecraft:bone":51,"minecraft:large_amethyst_bud":4,"minecraft:bow":3,"minecraft:wheat_seeds":161,"minecraft:raw_gold":13,"rechiseled:chisel":1,"minecraft:oak_planks":13,"byg:prairie_grass":1,"ars_nouveau:glyph_ignite":1,"croptopia:mustard":1,"evilcraft:darkened_apple":1,"minecraft:poisonous_potato":1,"minecraft:sand":24,"minecraft:stripped_spruce_log":9,"minecraft:ink_sac":6,"minecraft:dead_bush":8,"minecraft:mossy_cobblestone":1,"minecraft:dark_prismarine":4,"magistuarmory:iron_rondache":1,"minecraft:bundle":1,"croptopia:cherry":4,"minecraft:polished_andesite":2,"minecraft:diamond":12,"waystones:waystone":5,"magistuarmory:corruptedroundshield":4,"minecraft:grass":5,"evilcraft:blood_infuser":2,"minecraft:spruce_sign":3,"minecraft:emerald":6,"minecraft:bread":9,"alexsmobs:maggot":1,"minecraft:rooted_dirt":38,"minecraft:oak_sapling":12,"rechiseled:bone_block_pillar":2,"minecraft:coarse_dirt":17,"minecraft:mud":82,"minecraft:crafting_table":7,"byg:soapstone":4,"minecraft:ladder":5,"minecraft:chicken":3,"evilcraft:dark_power_gem":1,"croptopia:peach":1,"minecraft:brown_mushroom":20,"minecraft:wooden_pickaxe":2,"ad_astra:sky_stone":2,"magistuarmory:stone_pike":1,"minecraft:shield":2,"ars_nouveau:archwood_planks":8,"minecraft:moss_carpet":2,"minecraft:dark_prismarine_stairs":6,"ars_nouveau:starbuncle_shards":2,"minecraft:mossy_cobblestone_wall":1,"minecraft:beef":23,"minecraft:iron_nugget":17,"evilcraft:hardened_blood_shard":11,"minecraft:sugar_cane":6,"minecraft:chest":3,"minecraft:spruce_trapdoor":6,"minecraft:egg":2,"minecraft:raw_iron":208,"minecraft:stone":2,"magistuarmory:stone_claymore":1,"croptopia:soybean_seed":1,"magistuarmory:rustedbarbute":2,"sophisticatedbackpacks:backpack":1,"minecraft:redstone":45,"minecraft:arrow":24,"minecraft:hay_block":9,"minecraft:pink_tulip":1,"tombstone:essence_of_undeath":1,"minecraft:mutton":8,"rechiseled:cobblestone_pulverized":58,"minecraft:white_wool":30,"minecraft:cracked_deepslate_tiles":4,"minecraft:stripped_oak_log":2,"minecraft:mud_bricks":2,"magistuarmory:rustedhalfarmor_chestplate":1,"minecraft:glow_ink_sac":3,"minecraft:leather":13,"minecraft:red_mushroom":15,"minecraft:oak_log":113,"minecraft:gunpowder":8,"minecraft:cobblestone_wall":2,"minecraft:deepslate_tile_slab":1,"minecraft:apple":6,"croptopia:barley":2,"croptopia:squash":1,"minecraft:iron_ingot":64,"tombstone:bag_of_seeds":1,"minecraft:iron_sword":1,"elevatorid:elevator_white":4,"minecraft:smooth_basalt":3,"minecraft:gravel":9,"minecraft:amethyst_shard":12,"rechiseled:cobblestone_pillar":1,"minecraft:white_bed":4,"magistuarmory:rustedchainmail_leggings":4,"minecraft:spider_eye":4,"magistuarmory:rustedchainmail_helmet":1,"magistuarmory:rusted_bastardsword":1,"magistuarmory:rustedcrusader_boots":1,"croptopia:orange":3,"evilcraft:dark_gem":37,"ars_nouveau:green_archwood_leaves":1,"minecraft:baked_potato":20,"tombstone:magic_scroll":2,"minecraft:coal":74,"minecraft:sunflower":2,"minecraft:ender_pearl":9},"minecraft:mined":{"minecraft:dark_prismarine_stairs":11,"minecraft:white_bed":3,"minecraft:oak_sapling":1,"supplementaries:candle_holder":4,"croptopia:mustard_crop":1,"minecraft:spruce_trapdoor":6,"minecraft:grass_block":234,"ars_elemental:yellow_archwood_sapling":1,"minecraft:mud_bricks":1,"minecraft:gilded_blackstone":21,"rechiseled:bone_block_pillar":2,"minecraft:magma_block":20,"minecraft:iron_ore":88,"minecraft:cobbled_deepslate":1,"minecraft:fire":73,"byg:prairie_grass":158,"minecraft:moss_carpet":1,"minecraft:deepslate_lapis_ore":1,"rechiseled:cobblestone_pulverized":52,"supplementaries:stick":6,"minecraft:dirt_path":2,"minecraft:oak_stairs":2,"minecraft:small_amethyst_bud":1,"byg:tall_prairie_grass":100,"minecraft:medium_amethyst_bud":1,"ars_nouveau:light_block":18,"minecraft:amethyst_cluster":3,"minecraft:deepslate_tile_slab":1,"minecraft:torch":19,"minecraft:calcite":8,"minecraft:mossy_cobblestone_wall":1,"minecraft:mud_brick_stairs":5,"minecraft:chest":5,"minecraft:dead_bush":9,"minecraft:cobblestone":116,"rechiseled:bone_block_rib":6,"minecraft:sugar_cane":4,"minecraft:oak_planks":9,"minecraft:wall_torch":19,"minecraft:amethyst_block":4,"byg:soapstone":4,"minecraft:mud":82,"ars_nouveau:archwood_planks":8,"minecraft:wheat":47,"minecraft:smooth_stone_slab":2,"minecraft:grass":59,"minecraft:cracked_deepslate_tiles":4,"minecraft:oak_log":51,"minecraft:sand":24,"minecraft:dirt":572,"minecraft:smooth_basalt":3,"minecraft:red_mushroom_block":3,"minecraft:oak_leaves":2,"minecraft:deepslate":15,"evilcraft:hardened_blood":5,"minecraft:dark_prismarine":5,"minecraft:deepslate_tiles":7,"minecraft:tuff":1,"minecraft:mossy_cobblestone":1,"minecraft:deepslate_diamond_ore":5,"ars_nouveau:green_archwood_leaves":1,"minecraft:glow_lichen":1,"minecraft:red_mushroom":2,"minecraft:rooted_dirt":5,"tconstruct:large_sky_slime_crystal_bud":1,"tconstruct:sky_slime_crystal_cluster":2,"minecraft:large_fern":4,"croptopia:barley_crop":1,"minecraft:hay_block":11,"minecraft:redstone_ore":3,"minecraft:furnace":4,"croptopia:soybean_crop":1,"minecraft:stripped_spruce_log":9,"minecraft:deepslate_iron_ore":21,"minecraft:vine":3,"minecraft:lantern":4,"minecraft:stripped_oak_log":1,"tconstruct:medium_sky_slime_crystal_bud":1,"minecraft:stone":270,"ad_astra:sky_stone":1,"minecraft:hanging_roots":3,"croptopia:lettuce_crop":1,"minecraft:crafting_table":7,"evilcraft:blood_infuser":2,"minecraft:stone_slab":1,"minecraft:tall_grass":23,"minecraft:lapis_ore":12,"minecraft:deepslate_gold_ore":11,"botania:white_double_flower":1,"supplementaries:urn":12,"minecraft:coarse_dirt":8,"minecraft:stripped_spruce_wood":1,"minecraft:cobblestone_wall":2,"elevatorid:elevator_white":4,"botania:white_mystical_flower":4,"minecraft:coal_ore":22,"minecraft:sunflower":2,"minecraft:gravel":12,"minecraft:cobweb":4,"minecraft:polished_andesite":1,"minecraft:gold_ore":1,"minecraft:fern":7}},"DataVersion":3120}