{"stats":{"minecraft:used":{"minecraft:netherite_sword":69,"minecraft:water_bucket":10,"minecraft:cow_spawn_egg":1,"minecraft:music_disc_otherside":2,"minecraft:grass_block":21,"minecraft:netherite_chestplate":1,"smallships:oak_galley":1,"minecraft:lectern":2,"alexsmobs:spawn_egg_cockroach":10,"simpleplanes:helicopter":3,"minecraft:netherite_boots":1,"elevatorid:elevator_white":3,"breezy:hot_air_balloon":1,"simpleplanes:plane":1,"ars_nouveau:source_berry":4,"minecraft:netherite_leggings":1,"alexsmobs:enderiophage_rocket":3,"minecraft:crafting_table":1,"minecraft:blast_furnace":1,"minecraft:netherite_helmet":1,"grimoireofgaia:arachne_spawn_egg":2,"minecraft:dandelion":9,"minecraft:enchanted_golden_apple":3,"minecraft:jukebox":1},"minecraft:custom":{"minecraft:time_since_rest":11696,"minecraft:damage_absorbed":435,"minecraft:sprint_one_cm":45147,"minecraft:damage_taken":351,"minecraft:walk_one_cm":72636,"minecraft:mob_kills":13,"minecraft:drop":11,"minecraft:damage_dealt":899,"minecraft:play_record":2,"minecraft:interact_with_crafting_table":2,"minecraft:damage_dealt_absorbed":4773,"minecraft:swim_one_cm":2692,"minecraft:fly_one_cm":368539,"minecraft:crouch_one_cm":472,"minecraft:play_time":61036,"minecraft:deaths":1,"minecraft:sneak_time":692,"minecraft:walk_under_water_one_cm":4110,"minecraft:boat_one_cm":76565,"minecraft:jump":318,"minecraft:interact_with_blast_furnace":1,"minecraft:leave_game":6,"minecraft:walk_on_water_one_cm":3037,"minecraft:time_since_death":12309,"minecraft:total_world_time":61036,"minecraft:damage_resisted":1047,"minecraft:fall_one_cm":2641},"minecraft:mined":{"minecraft:grass":2,"minecraft:sunflower":1,"ars_nouveau:sourceberry_bush":3,"byg:lush_grass_block":3},"minecraft:picked_up":{"byg:green_tulip":1,"alexsmobs:maraca":4,"byg:lush_dirt":3,"ars_nouveau:source_berry":6,"minecraft:brown_mushroom":3,"minecraft:red_mushroom":1,"byg:white_anemone":2,"minecraft:grass_block":1,"minecraft:dirt":2,"ad_astra:steel_ingot":1,"minecraft:rotten_flesh":21,"byg:pink_anemone":1,"minecraft:diamond":2,"minecraft:wheat_seeds":12,"minecraft:netherite_sword":3,"alexsmobs:cockroach_wing_fragment":2,"minecraft:bucket":1,"minecraft:music_disc_otherside":2,"minecraft:iron_ingot":63,"byg:yellow_tulip":2,"alexsmobs:spawn_egg_cockroach":1,"minecraft:iron_boots":1,"minecraft:sunflower":5},"minecraft:dropped":{"minecraft:dirt":1,"minecraft:diamond":3,"alexsmobs:spawn_egg_cockroach":1,"minecraft:netherite_sword":3,"minecraft:grass_block":1,"alexsmobs:maraca":2},"minecraft:killed":{"alexsmobs:cockroach":3,"grimoireofgaia:arachne":1}},"DataVersion":3120}