{"stats":{"minecraft:crafted":{"minecraft:oak_planks":24,"minecraft:crafting_table":1,"minecraft:stick":8,"minecraft:wooden_pickaxe":1,"minecraft:stone_pickaxe":1,"minecraft:stone_sword":1,"minecraft:white_bed":1,"minecraft:stone_axe":1},"minecraft:custom":{"minecraft:time_since_rest":24950,"minecraft:sprint_one_cm":32810,"minecraft:walk_one_cm":32184,"minecraft:mob_kills":5,"minecraft:drop":2,"minecraft:damage_dealt":400,"minecraft:interact_with_crafting_table":5,"minecraft:fly_one_cm":57036,"minecraft:open_chest":2,"minecraft:crouch_one_cm":28,"minecraft:play_time":24950,"minecraft:sneak_time":39,"minecraft:walk_under_water_one_cm":1411,"minecraft:jump":265,"minecraft:leave_game":2,"minecraft:time_since_death":24950,"minecraft:walk_on_water_one_cm":7554,"minecraft:total_world_time":24950,"minecraft:climb_one_cm":126,"minecraft:fall_one_cm":5434},"minecraft:mined":{"croptopia:barley_crop":1,"byg:prairie_grass":77,"minecraft:crafting_table":2,"minecraft:grass":10,"botania:white_mystical_flower":1,"minecraft:grass_block":13,"minecraft:oak_log":6,"minecraft:dirt":37,"minecraft:tall_grass":3,"minecraft:stone":8,"botania:white_double_flower":1,"byg:tall_prairie_grass":71},"minecraft:killed":{"minecraft:sheep":5},"minecraft:dropped":{"minecraft:wheat_seeds":1,"croptopia:barley_seed":1},"minecraft:used":{"minecraft:stone_sword":8,"minecraft:apple":1,"minecraft:wooden_pickaxe":13,"minecraft:stone_axe":3,"minecraft:dirt":33,"minecraft:crafting_table":2,"minecraft:white_bed":1,"croptopia:orange":1},"minecraft:picked_up":{"minecraft:stick":2,"minecraft:crafting_table":2,"croptopia:barley_seed":1,"minecraft:oak_log":6,"minecraft:dirt":51,"botania:white_double_flower":1,"botania:white_mystical_flower":1,"croptopia:barley":1,"minecraft:apple":2,"minecraft:wheat_seeds":16,"croptopia:orange":3,"minecraft:oak_sapling":1,"minecraft:mutton":6,"minecraft:cobblestone":8,"minecraft:white_wool":5}},"DataVersion":3120}