{"stats":{"minecraft:used":{"minecraft:torch":3,"minecraft:diorite":9,"minecraft:polished_deepslate":1,"minecraft:grass_block":9},"minecraft:mined":{"minecraft:tall_grass":1},"minecraft:custom":{"minecraft:jump":129,"minecraft:time_since_rest":30954,"minecraft:damage_dealt":130,"minecraft:crouch_one_cm":95,"minecraft:leave_game":14,"minecraft:play_time":34921,"minecraft:sprint_one_cm":23210,"minecraft:time_since_death":31381,"minecraft:walk_one_cm":28744,"minecraft:deaths":1,"minecraft:sneak_time":302,"minecraft:total_world_time":34921,"minecraft:fly_one_cm":684996}},"DataVersion":3120}