{"stats":{"minecraft:custom":{"minecraft:time_since_rest":44830,"minecraft:walk_one_cm":38655,"minecraft:sprint_one_cm":23109,"minecraft:damage_taken":214,"minecraft:mob_kills":4,"minecraft:drop":8,"minecraft:damage_dealt":783,"minecraft:play_record":2,"minecraft:interact_with_crafting_table":2,"minecraft:damage_dealt_absorbed":97,"minecraft:swim_one_cm":2692,"minecraft:fly_one_cm":203879,"minecraft:crouch_one_cm":98,"minecraft:play_time":44830,"minecraft:sneak_time":292,"minecraft:walk_under_water_one_cm":3452,"minecraft:jump":145,"minecraft:interact_with_blast_furnace":1,"minecraft:leave_game":5,"minecraft:walk_on_water_one_cm":1463,"minecraft:time_since_death":44830,"minecraft:total_world_time":44830,"minecraft:fall_one_cm":209},"minecraft:dropped":{"minecraft:dirt":1,"minecraft:diamond":3,"alexsmobs:spawn_egg_cockroach":1,"minecraft:netherite_sword":1,"minecraft:grass_block":1,"alexsmobs:maraca":1},"minecraft:used":{"minecraft:water_bucket":10,"minecraft:netherite_sword":9,"minecraft:cow_spawn_egg":1,"minecraft:music_disc_otherside":2,"minecraft:grass_block":21,"alexsmobs:spawn_egg_cockroach":10,"simpleplanes:helicopter":2,"elevatorid:elevator_white":3,"minecraft:crafting_table":1,"minecraft:blast_furnace":1,"grimoireofgaia:arachne_spawn_egg":2,"minecraft:dandelion":9,"minecraft:jukebox":1},"minecraft:killed":{"alexsmobs:cockroach":3,"grimoireofgaia:arachne":1},"minecraft:picked_up":{"alexsmobs:maraca":3,"minecraft:brown_mushroom":3,"minecraft:red_mushroom":1,"minecraft:grass_block":1,"minecraft:dirt":2,"ad_astra:steel_ingot":1,"minecraft:diamond":2,"minecraft:wheat_seeds":5,"minecraft:netherite_sword":1,"alexsmobs:cockroach_wing_fragment":2,"minecraft:bucket":1,"minecraft:music_disc_otherside":2,"minecraft:iron_ingot":63,"alexsmobs:spawn_egg_cockroach":1}},"DataVersion":3120}