{"stats":{"minecraft:dropped":{"minecraft:wheat_seeds":1,"evilcraft:condensed_blood":2,"minecraft:iron_helmet":1,"croptopia:barley_seed":1,"minecraft:wooden_pickaxe":3,"croptopia:barley":1},"minecraft:used":{"minecraft:stone_sword":52,"minecraft:stone_pickaxe":40,"minecraft:wooden_pickaxe":13,"minecraft:chest":1,"minecraft:torch":1,"minecraft:dirt":43,"minecraft:crafting_table":3,"minecraft:white_bed":2,"croptopia:orange":1,"ars_elemental:yellow_archwood_sapling":1,"minecraft:apple":2,"minecraft:oak_stairs":1,"minecraft:bread":9,"minecraft:stone_slab":1,"minecraft:iron_helmet":1,"byg:soapstone":1,"minecraft:stone_axe":7,"minecraft:cobblestone":3,"minecraft:stripped_oak_log":2},"minecraft:custom":{"minecraft:interact_with_smithing_table":1,"minecraft:mob_kills":18,"minecraft:interact_with_crafting_table":7,"minecraft:eat_cake_slice":3,"minecraft:leave_game":3,"minecraft:time_since_death":86034,"minecraft:sleep_in_bed":2,"minecraft:climb_one_cm":5817,"minecraft:waystone_activated":2,"minecraft:time_since_rest":425,"minecraft:sprint_one_cm":231346,"minecraft:damage_taken":120,"minecraft:walk_one_cm":201265,"minecraft:drop":9,"minecraft:damage_dealt":1983,"minecraft:swim_one_cm":14457,"minecraft:fly_one_cm":283264,"minecraft:open_chest":16,"minecraft:crouch_one_cm":2213,"minecraft:play_time":86034,"tombstone:undead_killed":1,"minecraft:sneak_time":1326,"minecraft:walk_under_water_one_cm":3630,"minecraft:jump":1285,"minecraft:walk_on_water_one_cm":12253,"minecraft:total_world_time":86034,"minecraft:interact_with_smoker":3,"minecraft:fall_one_cm":21520},"minecraft:picked_up":{"minecraft:stripped_oak_log":2,"minecraft:crafting_table":2,"minecraft:wheat":2,"byg:soapstone":1,"minecraft:feather":1,"minecraft:chicken":1,"minecraft:leather":8,"minecraft:stone_slab":1,"minecraft:wooden_pickaxe":2,"minecraft:oak_stairs":1,"ars_elemental:yellow_archwood_sapling":2,"minecraft:oak_log":6,"minecraft:dirt":56,"botania:white_double_flower":1,"minecraft:apple":2,"croptopia:barley":2,"minecraft:wheat_seeds":23,"minecraft:beef":17,"minecraft:oak_planks":4,"minecraft:egg":1,"minecraft:stick":2,"minecraft:raw_iron":6,"croptopia:barley_seed":1,"minecraft:torch":2,"minecraft:porkchop":3,"minecraft:white_bed":1,"botania:white_mystical_flower":1,"croptopia:orange":3,"minecraft:bread":9,"minecraft:oak_sapling":1,"minecraft:mutton":6,"minecraft:coal":16,"minecraft:white_wool":6,"minecraft:cobblestone":14},"minecraft:killed":{"minecraft:pig":1,"minecraft:creeper":1,"minecraft:sheep":5,"minecraft:zombie":1,"minecraft:chicken":1,"minecraft:cow":9},"minecraft:mined":{"minecraft:dark_prismarine_stairs":6,"minecraft:dark_prismarine":3,"minecraft:white_bed":1,"minecraft:crafting_table":2,"minecraft:grass_block":16,"minecraft:stone_slab":1,"minecraft:tall_grass":5,"minecraft:cobblestone":1,"ars_elemental:yellow_archwood_sapling":1,"botania:white_double_flower":1,"minecraft:wall_torch":1,"minecraft:large_fern":2,"croptopia:barley_crop":1,"minecraft:hay_block":1,"byg:soapstone":1,"minecraft:iron_ore":6,"byg:prairie_grass":81,"minecraft:grass":14,"minecraft:oak_log":6,"botania:white_mystical_flower":1,"minecraft:coal_ore":17,"minecraft:oak_stairs":2,"minecraft:dirt":39,"minecraft:stripped_oak_log":1,"minecraft:stone":13,"minecraft:fern":1,"byg:tall_prairie_grass":82},"minecraft:crafted":{"minecraft:oak_planks":24,"minecraft:crafting_table":1,"minecraft:wooden_pickaxe":1,"minecraft:stone_axe":1,"minecraft:stick":8,"minecraft:stone_pickaxe":1,"minecraft:stone_sword":1,"minecraft:chest":1,"minecraft:white_bed":2}},"DataVersion":3120}