{"stats":{"minecraft:killed":{"minecraft:piglin":2,"minecraft:zombified_piglin":4,"majruszsdifficulty:cursed_armor":1,"gothic:gothic_wolf":1,"alexsmobs:cockroach":3,"grimoireofgaia:arachne":1,"infernalexp:shroomloin":1},"minecraft:picked_up":{"alexsmobs:maraca":4,"byg:green_tulip":1,"byg:lush_dirt":5,"ars_nouveau:source_berry":6,"minecraft:brown_mushroom":4,"minecraft:red_mushroom":2,"byg:white_anemone":2,"minecraft:dirt":5,"minecraft:wheat_seeds":13,"minecraft:netherite_sword":3,"alexsmobs:cockroach_wing_fragment":2,"minecraft:bucket":1,"minecraft:music_disc_otherside":2,"minecraft:iron_ingot":63,"minecraft:iron_boots":1,"minecraft:grass_block":1,"ad_astra:steel_ingot":1,"gothic:meat":2,"minecraft:rotten_flesh":32,"labels:label":1,"byg:pink_anemone":1,"minecraft:diamond":2,"minecraft:blue_dye":2,"byg:yellow_tulip":2,"chipped:calcite_pillar":2,"alexsmobs:spawn_egg_cockroach":1,"minecraft:sunflower":6},"minecraft:mined":{"minecraft:grass_block":2,"minecraft:tall_grass":1,"ars_nouveau:sourceberry_bush":3,"byg:lush_grass_block":4,"byg:lush_dirt":1,"minecraft:fire":1,"minecraft:grass":5,"minecraft:sunflower":1,"minecraft:dirt":1},"minecraft:custom":{"minecraft:mob_kills":23,"minecraft:play_record":2,"minecraft:interact_with_crafting_table":2,"minecraft:leave_game":9,"minecraft:time_since_death":916,"minecraft:climb_one_cm":18,"minecraft:damage_resisted":1269,"minecraft:time_since_rest":671,"minecraft:sprint_one_cm":76268,"minecraft:walk_one_cm":127639,"minecraft:damage_taken":1374,"minecraft:damage_absorbed":950,"minecraft:drop":16,"minecraft:damage_dealt":3401,"minecraft:damage_dealt_absorbed":4904,"minecraft:swim_one_cm":13549,"minecraft:fly_one_cm":689586,"minecraft:open_chest":7,"tombstone:undead_killed":4,"minecraft:crouch_one_cm":981,"minecraft:play_time":113018,"minecraft:deaths":4,"minecraft:sneak_time":1306,"minecraft:walk_under_water_one_cm":8488,"minecraft:boat_one_cm":76565,"minecraft:jump":562,"minecraft:interact_with_blast_furnace":1,"minecraft:walk_on_water_one_cm":6834,"minecraft:total_world_time":113018,"minecraft:fall_one_cm":5957,"minecraft:horse_one_cm":794},"minecraft:killed_by":{"minecraft:piglin_brute":1,"grimoireofgaia:minotaurus":1},"minecraft:used":{"chipped:amethyst_block_bricks":1,"chipped:tripped_pink_carpet":1,"minecraft:water_bucket":11,"minecraft:netherite_sword":69,"minecraft:cow_spawn_egg":1,"minecraft:music_disc_otherside":2,"minecraft:flint_and_steel":5,"chipped:mangrove_brick_barrel":2,"rechiseled:spruce_planks_beams":2,"chipped:red_paper_lantern":3,"minecraft:netherite_chestplate":1,"smallships:oak_galley":1,"chipped:carved_stripped_mangrove_log":2,"epicsamurai:netherite_samurai_boots":1,"minecraft:chest":2,"chipped:calcite_pillar":4,"chipped:nailed_spruce_planks":2,"alexsmobs:spawn_egg_cockroach":10,"simpleplanes:helicopter":5,"minecraft:oak_door":2,"elevatorid:elevator_white":3,"breezy:hot_air_balloon":1,"gothic:beliar_statue":1,"minecraft:dirt":3,"minecraft:netherite_leggings":1,"chipped:dark_prismarine_pillar":4,"epicsamurai:netherite_samurai_leggings":1,"minecraft:crafting_table":1,"minecraft:blast_furnace":1,"labels:label":18,"minecraft:netherite_helmet":1,"rechiseled:mangrove_planks_mosaic":5,"rechiseled:spruce_planks_brick_pattern":3,"epicsamurai:netherite_samurai_helmet":1,"minecraft:oak_fence_gate":6,"chipped:offset_raw_gold_block_bricks":4,"minecraft:obsidian":6,"byg:lush_dirt":2,"rechiseled:spruce_planks_mosaic":5,"minecraft:oak_log":1,"chipped:botanist_workbench":1,"chipped:layered_stripped_spruce_log":6,"minecraft:grass_block":22,"chipped:dark_dotted_red_mushroom_block":2,"minecraft:lectern":2,"epicsamurai:netherite_samurai_chestplate":1,"minecraft:netherite_boots":1,"epicsamurai:katana":28,"simpleplanes:plane":1,"ars_nouveau:source_berry":4,"minecraft:glowstone":15,"chipped:spruce_planks_mosaic":3,"alexsmobs:enderiophage_rocket":3,"rechiseled:amethyst_block_bricks":1,"grimoireofgaia:arachne_spawn_egg":2,"chipped:carpenters_table":2,"stoneworks:polished_calcite_stairs":4,"minecraft:dandelion":13,"minecraft:enchanted_golden_apple":8,"minecraft:jukebox":1},"minecraft:dropped":{"chipped:calcite_pillar":2,"minecraft:diamond":3,"minecraft:netherite_sword":3,"gothic:meat":1,"minecraft:grass_block":1,"alexsmobs:maraca":2,"minecraft:dirt":1,"minecraft:blue_dye":2,"alexsmobs:spawn_egg_cockroach":1},"minecraft:crafted":{"minecraft:air":0,"chipped:spruce_planks_mosaic":1}},"DataVersion":3120}