{"stats":{"minecraft:mined":{"minecraft:dark_prismarine_stairs":6,"minecraft:dark_prismarine":3,"minecraft:oak_sapling":1,"minecraft:white_bed":2,"supplementaries:candle_holder":4,"ars_nouveau:green_archwood_leaves":1,"minecraft:grass_block":214,"ars_elemental:yellow_archwood_sapling":1,"minecraft:mud_bricks":1,"minecraft:rooted_dirt":2,"minecraft:large_fern":4,"croptopia:barley_crop":1,"minecraft:hay_block":11,"rechiseled:bone_block_pillar":2,"minecraft:iron_ore":18,"minecraft:fire":11,"byg:prairie_grass":158,"minecraft:stripped_spruce_log":9,"rechiseled:cobblestone_pulverized":28,"supplementaries:stick":4,"minecraft:vine":1,"minecraft:dirt_path":2,"minecraft:oak_stairs":2,"minecraft:lantern":4,"minecraft:stripped_oak_log":1,"minecraft:stone":66,"byg:tall_prairie_grass":100,"ars_nouveau:light_block":3,"croptopia:lettuce_crop":1,"minecraft:crafting_table":6,"minecraft:torch":7,"minecraft:mud_brick_stairs":5,"minecraft:chest":5,"minecraft:stone_slab":1,"minecraft:tall_grass":16,"minecraft:cobblestone":19,"minecraft:oak_planks":2,"minecraft:sugar_cane":4,"minecraft:lapis_ore":4,"rechiseled:bone_block_rib":6,"botania:white_double_flower":1,"minecraft:wall_torch":7,"supplementaries:urn":1,"byg:soapstone":3,"minecraft:coarse_dirt":6,"minecraft:stripped_spruce_wood":1,"minecraft:mud":82,"ars_nouveau:archwood_planks":8,"minecraft:wheat":47,"minecraft:cracked_deepslate_tiles":4,"minecraft:grass":46,"elevatorid:elevator_white":4,"botania:white_mystical_flower":4,"minecraft:oak_log":21,"minecraft:coal_ore":19,"minecraft:gravel":5,"minecraft:sunflower":2,"minecraft:sand":24,"minecraft:dirt":571,"minecraft:cobweb":4,"minecraft:red_mushroom_block":2,"minecraft:oak_leaves":1,"minecraft:deepslate_tiles":7,"minecraft:fern":7},"minecraft:killed":{"mca:male_zombie_villager":1,"minecraft:spider":3,"minecraft:skeleton":15,"minecraft:chicken":3,"minecraft:pig":5,"minecraft:squid":3,"minecraft:creeper":3,"minecraft:sheep":7,"minecraft:pillager":2,"minecraft:zombie":11,"alexsmobs:fly":1,"minecraft:enderman":2,"minecraft:cow":12},"minecraft:used":{"minecraft:flint_and_steel":1,"minecraft:iron_shovel":502,"minecraft:stone_sword":74,"minecraft:stone_shovel":263,"minecraft:chest":11,"minecraft:shield":42,"minecraft:iron_sword":154,"minecraft:rotten_flesh":6,"minecraft:stick":1,"minecraft:torch":19,"minecraft:dirt":598,"minecraft:cracked_deepslate_tiles":4,"minecraft:mud_brick_stairs":33,"minecraft:milk_bucket":1,"ars_elemental:yellow_archwood_sapling":1,"minecraft:iron_hoe":57,"ars_nouveau:green_archwood_leaves":1,"minecraft:quartz_pillar":5,"minecraft:iron_axe":10,"minecraft:lantern":5,"minecraft:oak_stairs":1,"minecraft:iron_helmet":1,"minecraft:mud_bricks":28,"minecraft:oak_sapling":3,"minecraft:furnace":2,"rechiseled:bone_block_rib":6,"tombstone:gift":2,"minecraft:egg":1,"minecraft:potato":14,"minecraft:cooked_beef":26,"minecraft:cooked_mutton":3,"botania:white_mystical_flower":3,"minecraft:calcite":1,"minecraft:water_bucket":9,"minecraft:wheat_seeds":46,"minecraft:baked_potato":6,"minecraft:stone_pickaxe":128,"minecraft:glass_bottle":83,"minecraft:ender_pearl":1,"minecraft:wooden_pickaxe":13,"elevatorid:elevator_white":6,"magistuarmory:stone_pike":75,"minecraft:crafting_table":7,"supplementaries:candle_holder":4,"magistuarmory:stone_claymore":1,"minecraft:white_bed":5,"croptopia:orange":1,"minecraft:shears":1,"minecraft:deepslate_tiles":7,"minecraft:oak_log":1,"waystones:waystone":1,"minecraft:apple":7,"minecraft:bread":31,"minecraft:iron_pickaxe":71,"minecraft:stone_slab":1,"minecraft:gravel":5,"byg:soapstone":1,"minecraft:stone_axe":47,"croptopia:peach_sapling":2,"rechiseled:cobblestone_pulverized":104,"minecraft:potion":83,"minecraft:cobblestone":40,"rechiseled:bone_block_pillar":1,"minecraft:porkchop":6,"minecraft:cooked_porkchop":5,"minecraft:bucket":10,"minecraft:pumpkin_pie":7,"minecraft:stripped_oak_log":2,"minecraft:air":83,"minecraft:coarse_dirt":4},"minecraft:crafted":{"evilcraft:dark_spike":16,"minecraft:oak_planks":328,"minecraft:stone_shovel":2,"minecraft:coal":9,"minecraft:packed_mud":78,"minecraft:furnace":2,"minecraft:mud_bricks":76,"minecraft:bone_meal":99,"sophisticatedbackpacks:crafting_upgrade":2,"paraglider:deku_leaf":1,"minecraft:cooked_mutton":3,"minecraft:flint_and_steel":1,"minecraft:glass":24,"evilcraft:blood_extractor":3,"minecraft:iron_hoe":1,"minecraft:stone_pickaxe":1,"minecraft:chest":5,"sophisticatedbackpacks:iron_backpack":1,"minecraft:wheat":90,"minecraft:cooked_beef":17,"paraglider:paraglider":1,"minecraft:glass_bottle":3,"minecraft:bone_block":5,"minecraft:mud_brick_stairs":32,"elevatorid:elevator_white":2,"minecraft:cooked_porkchop":5,"minecraft:crafting_table":4,"minecraft:spruce_planks":40,"minecraft:wooden_pickaxe":1,"minecraft:baked_potato":19,"minecraft:bucket":1,"minecraft:stone_axe":1,"sophisticatedbackpacks:upgrade_base":2,"minecraft:bread":16,"minecraft:air":0,"minecraft:iron_chestplate":1,"minecraft:stick":24,"minecraft:iron_ingot":46,"minecraft:iron_pickaxe":1,"minecraft:iron_leggings":1,"minecraft:stone_sword":1,"minecraft:iron_shovel":2,"minecraft:white_bed":2,"minecraft:shears":1},"minecraft:picked_up":{"minecraft:coarse_dirt":7,"minecraft:mud":82,"minecraft:crafting_table":6,"byg:soapstone":3,"minecraft:wheat":39,"croptopia:peach":1,"minecraft:chicken":3,"minecraft:brown_mushroom":9,"minecraft:stone_slab":1,"minecraft:wooden_pickaxe":2,"minecraft:oak_stairs":1,"croptopia:calamari":3,"magistuarmory:stone_pike":1,"minecraft:shield":1,"supplementaries:candle_holder":4,"ars_nouveau:archwood_planks":8,"minecraft:string":16,"minecraft:deepslate_tiles":7,"minecraft:cobbled_deepslate":3,"minecraft:beef":21,"minecraft:sugar_cane":6,"minecraft:chest":3,"minecraft:egg":2,"minecraft:stick":7,"minecraft:raw_iron":117,"minecraft:stone":2,"croptopia:barley_seed":1,"croptopia:peach_sapling":2,"magistuarmory:stone_claymore":1,"minecraft:torch":25,"sophisticatedbackpacks:backpack":1,"minecraft:porkchop":12,"tombstone:grave_dust":4,"rechiseled:bone_block_rib":6,"botania:white_mystical_flower":4,"minecraft:arrow":11,"minecraft:rotten_flesh":5,"minecraft:hay_block":9,"minecraft:cracked_deepslate_tiles":4,"rechiseled:cobblestone_pulverized":33,"minecraft:mutton":8,"minecraft:cobblestone":84,"minecraft:white_wool":27,"paraglider:paraglider":1,"minecraft:stripped_oak_log":2,"minecraft:mud_bricks":2,"minecraft:feather":2,"magistuarmory:rustedhalfarmor_chestplate":1,"minecraft:cooked_beef":9,"magistuarmory:rustedchainmail_boots":4,"minecraft:leather":11,"minecraft:potato":5,"minecraft:mud_brick_stairs":5,"minecraft:red_mushroom":5,"minecraft:flint":6,"minecraft:stripped_spruce_wood":1,"ars_elemental:yellow_archwood_sapling":2,"minecraft:oak_log":83,"minecraft:gunpowder":2,"minecraft:lapis_lazuli":30,"minecraft:dirt":821,"minecraft:lantern":6,"botania:white_double_flower":1,"minecraft:bone":26,"minecraft:apple":5,"croptopia:barley":2,"minecraft:wheat_seeds":157,"rechiseled:chisel":1,"minecraft:iron_sword":1,"minecraft:oak_planks":6,"byg:prairie_grass":1,"elevatorid:elevator_white":4,"ars_nouveau:glyph_ignite":1,"minecraft:gravel":6,"minecraft:sand":24,"minecraft:stripped_spruce_log":9,"minecraft:ink_sac":6,"rechiseled:cobblestone_pillar":1,"minecraft:white_bed":3,"magistuarmory:rustedchainmail_leggings":1,"minecraft:spider_eye":1,"magistuarmory:rustedchainmail_helmet":1,"minecraft:diamond":1,"waystones:waystone":3,"croptopia:orange":3,"tombstone:magic_scroll":1,"ars_nouveau:green_archwood_leaves":1,"alexsmobs:maggot":1,"minecraft:emerald":1,"minecraft:bread":9,"minecraft:rooted_dirt":4,"minecraft:oak_sapling":11,"minecraft:coal":16,"rechiseled:bone_block_pillar":2,"minecraft:sunflower":2,"minecraft:ender_pearl":1},"minecraft:custom":{"minecraft:interact_with_smithing_table":2,"minecraft:mob_kills":67,"minecraft:interact_with_crafting_table":71,"minecraft:open_barrel":3,"minecraft:eat_cake_slice":6,"minecraft:leave_game":6,"minecraft:time_since_death":182074,"minecraft:climb_one_cm":12013,"minecraft:sprint_one_cm":1410266,"minecraft:walk_one_cm":1150735,"minecraft:damage_blocked_by_shield":1733,"minecraft:drop":78,"minecraft:talked_to_villager":1,"minecraft:play_time":521811,"minecraft:deaths":2,"minecraft:sneak_time":11387,"minecraft:walk_under_water_one_cm":17635,"minecraft:jump":8616,"minecraft:walk_on_water_one_cm":41703,"minecraft:total_world_time":521811,"minecraft:interact_with_furnace":51,"tombstone:raider_killed":2,"minecraft:sleep_in_bed":13,"minecraft:time_since_rest":95670,"minecraft:waystone_activated":4,"minecraft:damage_taken":4224,"minecraft:damage_dealt":10764,"minecraft:swim_one_cm":62776,"minecraft:fly_one_cm":2256069,"minecraft:open_chest":159,"minecraft:crouch_one_cm":36769,"tombstone:undead_killed":27,"minecraft:interact_with_smoker":7,"minecraft:fall_one_cm":178152},"minecraft:broken":{"minecraft:iron_shovel":2,"minecraft:stone_shovel":2,"magistuarmory:rustedhalfarmor_chestplate":1},"minecraft:dropped":{"minecraft:iron_ingot":2,"minecraft:brown_mushroom":9,"minecraft:wheat_seeds":18,"minecraft:diamond":1,"evilcraft:condensed_blood":2,"minecraft:feather":2,"minecraft:iron_helmet":1,"minecraft:cobblestone":124,"minecraft:lantern":1,"minecraft:rooted_dirt":2,"minecraft:red_mushroom":5,"minecraft:dirt":84,"byg:soapstone":2,"byg:prairie_grass":1,"minecraft:sunflower":2,"croptopia:barley_seed":1,"sophisticatedbackpacks:crafting_upgrade":1,"paraglider:paraglider":1,"magistuarmory:rustedchainmail_leggings":1,"minecraft:gravel":1,"minecraft:coarse_dirt":2,"minecraft:cobbled_deepslate":3,"minecraft:rotten_flesh":2,"paraglider:deku_leaf":1,"ars_nouveau:glyph_ignite":1,"magistuarmory:rustedchainmail_helmet":1,"minecraft:oak_sapling":7,"minecraft:spider_eye":1,"minecraft:arrow":5,"minecraft:wooden_pickaxe":3,"minecraft:stone_pickaxe":1,"magistuarmory:rustedchainmail_boots":4,"croptopia:barley":1,"minecraft:egg":1}},"DataVersion":3120}