{"stats":{"minecraft:used":{"minecraft:wooden_axe":28,"minecraft:stone_sword":30,"byg:blueberries":2,"minecraft:apple":13,"minecraft:sunflower":1,"minecraft:oak_planks":51,"minecraft:wooden_pickaxe":8,"minecraft:rotten_flesh":3,"minecraft:wooden_sword":49,"minecraft:mutton":2,"minecraft:crafting_table":2,"byg:lush_dirt":2},"minecraft:picked_up":{"born_in_chaos_v1:corpse_maggot":6,"minecraft:crafting_table":1,"byg:lush_dirt":2,"born_in_chaos_v1:ethereal_spirit":1,"minecraft:oak_log":20,"tombstone:grave_dust":1,"minecraft:dirt":1,"minecraft:bone":1,"minecraft:rotten_flesh":3,"minecraft:apple":20,"minecraft:wheat_seeds":5,"byg:blueberries":2,"minecraft:mutton":2,"minecraft:oak_planks":23,"minecraft:cobblestone":8,"minecraft:sunflower":1},"minecraft:dropped":{"born_in_chaos_v1:ethereal_spirit":1},"minecraft:crafted":{"minecraft:wooden_sword":1,"minecraft:oak_planks":76,"minecraft:crafting_table":1,"minecraft:stick":8,"minecraft:wooden_pickaxe":1,"minecraft:stone_pickaxe":1,"minecraft:wooden_axe":1,"minecraft:stone_sword":1},"minecraft:custom":{"minecraft:time_since_rest":43297,"minecraft:sprint_one_cm":72499,"minecraft:damage_taken":580,"minecraft:walk_one_cm":112788,"minecraft:mob_kills":20,"minecraft:drop":1,"minecraft:damage_dealt":2609,"minecraft:interact_with_crafting_table":7,"minecraft:fly_one_cm":82936,"minecraft:crouch_one_cm":8819,"minecraft:play_time":43297,"tombstone:undead_killed":4,"minecraft:sneak_time":3598,"minecraft:jump":526,"minecraft:damage_dealt_resisted":40,"minecraft:leave_game":2,"minecraft:time_since_death":43297,"minecraft:total_world_time":43297,"minecraft:fall_one_cm":5470},"minecraft:mined":{"byg:orchard_leaves":2,"minecraft:crafting_table":1,"minecraft:grass":22,"minecraft:oak_log":19,"minecraft:sunflower":1,"minecraft:stone":8,"minecraft:oak_planks":20,"byg:lush_grass_block":2},"minecraft:killed":{"minecraft:sheep":1,"born_in_chaos_v1:fallen_chaos_knight":1,"minecraft:zombie":2,"born_in_chaos_v1:corpse_fly":5,"born_in_chaos_v1:baby_skeleton":1,"born_in_chaos_v1:scarlet_persecutor":1,"born_in_chaos_v1:maggot":4}},"DataVersion":3120}