{"stats":{"minecraft:custom":{"minecraft:mob_kills":14,"minecraft:play_record":2,"minecraft:interact_with_crafting_table":2,"minecraft:leave_game":8,"minecraft:time_since_death":10661,"minecraft:damage_resisted":1047,"minecraft:time_since_rest":10607,"minecraft:sprint_one_cm":66642,"minecraft:walk_one_cm":105500,"minecraft:damage_taken":1002,"minecraft:damage_absorbed":435,"minecraft:drop":16,"minecraft:damage_dealt":1451,"minecraft:damage_dealt_absorbed":4904,"minecraft:swim_one_cm":13549,"minecraft:fly_one_cm":547366,"minecraft:open_chest":2,"minecraft:crouch_one_cm":688,"minecraft:play_time":94366,"minecraft:deaths":3,"minecraft:sneak_time":1092,"minecraft:walk_under_water_one_cm":6896,"minecraft:boat_one_cm":76565,"minecraft:jump":462,"minecraft:interact_with_blast_furnace":1,"minecraft:walk_on_water_one_cm":6557,"minecraft:total_world_time":94366,"minecraft:fall_one_cm":4254,"minecraft:horse_one_cm":794},"minecraft:killed":{"gothic:gothic_wolf":1,"alexsmobs:cockroach":3,"grimoireofgaia:arachne":1},"minecraft:mined":{"minecraft:grass_block":2,"minecraft:tall_grass":1,"ars_nouveau:sourceberry_bush":3,"byg:lush_grass_block":4,"byg:lush_dirt":1,"minecraft:grass":5,"minecraft:sunflower":1,"minecraft:dirt":1},"minecraft:killed_by":{"grimoireofgaia:minotaurus":1},"minecraft:dropped":{"chipped:calcite_pillar":2,"minecraft:diamond":3,"minecraft:netherite_sword":3,"gothic:meat":1,"minecraft:grass_block":1,"alexsmobs:maraca":2,"minecraft:dirt":1,"minecraft:blue_dye":2,"alexsmobs:spawn_egg_cockroach":1},"minecraft:picked_up":{"alexsmobs:maraca":4,"byg:green_tulip":1,"byg:lush_dirt":5,"ars_nouveau:source_berry":6,"minecraft:brown_mushroom":4,"minecraft:red_mushroom":2,"byg:white_anemone":2,"minecraft:dirt":5,"minecraft:wheat_seeds":13,"minecraft:netherite_sword":3,"alexsmobs:cockroach_wing_fragment":2,"minecraft:bucket":1,"minecraft:music_disc_otherside":2,"minecraft:iron_ingot":63,"minecraft:iron_boots":1,"minecraft:grass_block":1,"ad_astra:steel_ingot":1,"gothic:meat":2,"labels:label":1,"minecraft:rotten_flesh":30,"byg:pink_anemone":1,"minecraft:diamond":2,"minecraft:blue_dye":2,"byg:yellow_tulip":2,"chipped:calcite_pillar":2,"alexsmobs:spawn_egg_cockroach":1,"minecraft:sunflower":6},"minecraft:used":{"chipped:amethyst_block_bricks":1,"chipped:tripped_pink_carpet":1,"minecraft:water_bucket":11,"minecraft:netherite_sword":69,"minecraft:cow_spawn_egg":1,"minecraft:music_disc_otherside":2,"chipped:red_paper_lantern":3,"minecraft:netherite_chestplate":1,"smallships:oak_galley":1,"minecraft:chest":2,"chipped:calcite_pillar":4,"alexsmobs:spawn_egg_cockroach":10,"simpleplanes:helicopter":4,"minecraft:oak_door":2,"elevatorid:elevator_white":3,"breezy:hot_air_balloon":1,"minecraft:dirt":3,"minecraft:netherite_leggings":1,"chipped:dark_prismarine_pillar":4,"minecraft:crafting_table":1,"labels:label":18,"minecraft:blast_furnace":1,"minecraft:netherite_helmet":1,"chipped:offset_raw_gold_block_bricks":4,"minecraft:oak_fence_gate":6,"byg:lush_dirt":2,"minecraft:oak_log":1,"chipped:botanist_workbench":1,"minecraft:grass_block":22,"chipped:dark_dotted_red_mushroom_block":2,"minecraft:lectern":2,"minecraft:netherite_boots":1,"minecraft:glowstone":15,"ars_nouveau:source_berry":4,"simpleplanes:plane":1,"alexsmobs:enderiophage_rocket":3,"rechiseled:amethyst_block_bricks":1,"grimoireofgaia:arachne_spawn_egg":2,"stoneworks:polished_calcite_stairs":4,"minecraft:dandelion":9,"minecraft:enchanted_golden_apple":3,"minecraft:jukebox":1}},"DataVersion":3120}