{"stats":{"minecraft:picked_up":{"born_in_chaos_v1:corpse_maggot":4,"minecraft:crafting_table":1,"byg:lush_dirt":2,"born_in_chaos_v1:ethereal_spirit":1,"minecraft:oak_log":19,"tombstone:grave_dust":1,"minecraft:bone":1,"minecraft:rotten_flesh":3,"minecraft:apple":17,"minecraft:wheat_seeds":2,"byg:blueberries":2,"minecraft:cobblestone":8,"minecraft:mutton":2,"minecraft:oak_planks":19,"minecraft:sunflower":1},"minecraft:crafted":{"minecraft:wooden_sword":1,"minecraft:oak_planks":76,"minecraft:crafting_table":1,"minecraft:stick":8,"minecraft:wooden_pickaxe":1,"minecraft:stone_pickaxe":1,"minecraft:wooden_axe":1,"minecraft:stone_sword":1},"minecraft:used":{"minecraft:wooden_axe":26,"minecraft:stone_sword":12,"minecraft:apple":6,"byg:blueberries":2,"minecraft:sunflower":1,"minecraft:oak_planks":51,"minecraft:wooden_pickaxe":8,"minecraft:rotten_flesh":3,"minecraft:wooden_sword":49,"minecraft:mutton":2,"minecraft:crafting_table":2,"byg:lush_dirt":2},"minecraft:custom":{"minecraft:time_since_rest":37169,"minecraft:sprint_one_cm":53898,"minecraft:damage_taken":245,"minecraft:walk_one_cm":94252,"minecraft:mob_kills":15,"minecraft:drop":1,"minecraft:damage_dealt":1975,"minecraft:interact_with_crafting_table":7,"minecraft:fly_one_cm":50709,"minecraft:crouch_one_cm":8819,"minecraft:play_time":37169,"tombstone:undead_killed":3,"minecraft:sneak_time":3598,"minecraft:damage_dealt_resisted":10,"minecraft:jump":413,"minecraft:leave_game":1,"minecraft:time_since_death":37169,"minecraft:total_world_time":37169,"minecraft:fall_one_cm":4412},"minecraft:mined":{"byg:orchard_leaves":2,"minecraft:crafting_table":1,"minecraft:grass":6,"minecraft:oak_log":19,"minecraft:sunflower":1,"minecraft:stone":8,"minecraft:oak_planks":19,"byg:lush_grass_block":2},"minecraft:killed":{"minecraft:sheep":1,"born_in_chaos_v1:fallen_chaos_knight":1,"minecraft:zombie":1,"born_in_chaos_v1:corpse_fly":5,"born_in_chaos_v1:baby_skeleton":1,"born_in_chaos_v1:scarlet_persecutor":1,"born_in_chaos_v1:maggot":1},"minecraft:dropped":{"born_in_chaos_v1:ethereal_spirit":1}},"DataVersion":3120}