{"stats":{"minecraft:crafted":{"minecraft:oak_planks":448,"minecraft:packed_mud":78,"sophisticatedbackpacks:crafting_upgrade":2,"paraglider:deku_leaf":1,"minecraft:cooked_mutton":3,"minecraft:glass":40,"evilcraft:blood_extractor":3,"minecraft:chest":9,"minecraft:glass_bottle":3,"evilcraft:undead_planks":60,"minecraft:mud_brick_stairs":32,"minecraft:cooked_porkchop":5,"minecraft:crafting_table":4,"minecraft:spruce_planks":40,"minecraft:wooden_pickaxe":1,"minecraft:baked_potato":211,"waystones:warp_stone":2,"sophisticatedbackpacks:upgrade_base":2,"minecraft:iron_chestplate":1,"minecraft:stick":24,"minecraft:iron_ingot":46,"minecraft:iron_pickaxe":1,"minecraft:stone_sword":1,"evilcraft:vengeance_pickaxe":1,"minecraft:shears":1,"evilcraft:dark_spike":16,"minecraft:coal":9,"minecraft:stone_shovel":2,"ad_astra:steel_ingot":3,"magistuarmory:wood_heatershield":1,"minecraft:furnace":2,"minecraft:blast_furnace":1,"minecraft:mud_bricks":76,"minecraft:bone_meal":303,"minecraft:flint_and_steel":1,"minecraft:iron_hoe":1,"minecraft:stone_pickaxe":1,"evilcraft:dark_stick":4,"evilcraft:darkened_apple":1,"minecraft:wheat":90,"sophisticatedbackpacks:iron_backpack":1,"minecraft:cooked_beef":17,"paraglider:paraglider":1,"minecraft:bone_block":5,"elevatorid:elevator_white":2,"evilcraft:blood_infusion_core":1,"sophisticatedbackpacks:gold_backpack":1,"minecraft:bucket":1,"minecraft:stone_axe":1,"minecraft:bread":16,"minecraft:air":0,"minecraft:gold_nugget":9,"evilcraft:blood_infuser":1,"minecraft:iron_shovel":2,"minecraft:iron_leggings":1,"minecraft:white_bed":3,"minecraft:torch":4},"minecraft:killed_by":{"minecraft:creeper":1,"alexsmobs:crocodile":1,"minecraft:zombie":2,"minecraft:player":3,"minecraft:enderman":4},"minecraft:custom":{"minecraft:interact_with_crafting_table":73,"minecraft:open_barrel":27,"minecraft:bell_ring":8,"minecraft:eat_cake_slice":6,"minecraft:leave_game":13,"minecraft:time_since_death":84841,"minecraft:sprint_one_cm":3517055,"minecraft:damage_blocked_by_shield":3298,"minecraft:drop":200,"minecraft:talked_to_villager":3,"minecraft:play_time":1336916,"minecraft:deaths":13,"minecraft:jump":19645,"minecraft:walk_on_water_one_cm":91604,"minecraft:interact_with_furnace":91,"minecraft:sleep_in_bed":33,"minecraft:waystone_activated":11,"tombstone:sneak_grave":1,"minecraft:damage_dealt":30193,"minecraft:crouch_one_cm":74541,"tombstone:undead_killed":87,"tombstone:villager_killed":2,"minecraft:interact_with_smoker":7,"minecraft:interact_with_smithing_table":3,"minecraft:mob_kills":162,"minecraft:damage_dealt_resisted":64,"minecraft:climb_one_cm":38139,"minecraft:walk_one_cm":2664389,"minecraft:sneak_time":24250,"minecraft:walk_under_water_one_cm":47911,"minecraft:interact_with_blast_furnace":6,"minecraft:total_world_time":1336916,"tombstone:raider_killed":4,"minecraft:time_since_rest":42038,"minecraft:damage_taken":15176,"minecraft:swim_one_cm":140119,"minecraft:fly_one_cm":5081513,"minecraft:open_chest":816,"minecraft:fall_one_cm":416697},"minecraft:broken":{"minecraft:iron_shovel":2,"minecraft:iron_boots":1,"minecraft:iron_leggings":1,"minecraft:iron_sword":1,"minecraft:stone_shovel":2,"magistuarmory:rustedhalfarmor_chestplate":1,"minecraft:shield":1,"minecraft:iron_pickaxe":2,"minecraft:iron_helmet":1},"minecraft:mined":{"minecraft:dark_prismarine_stairs":11,"minecraft:white_bed":4,"minecraft:oak_sapling":1,"supplementaries:candle_holder":4,"croptopia:mustard_crop":1,"minecraft:spruce_trapdoor":6,"minecraft:grass_block":245,"ars_elemental:yellow_archwood_sapling":1,"minecraft:mud_bricks":3,"minecraft:composter":17,"minecraft:gilded_blackstone":21,"rechiseled:bone_block_pillar":2,"minecraft:magma_block":20,"minecraft:iron_ore":88,"minecraft:cobbled_deepslate":1,"minecraft:fire":77,"byg:prairie_grass":158,"minecraft:moss_carpet":1,"minecraft:deepslate_lapis_ore":1,"rechiseled:cobblestone_pulverized":126,"supplementaries:stick":6,"minecraft:dirt_path":2,"minecraft:small_amethyst_bud":1,"minecraft:oak_stairs":2,"byg:tall_prairie_grass":100,"minecraft:deepslate_tile_slab":1,"minecraft:medium_amethyst_bud":1,"ars_nouveau:light_block":45,"minecraft:amethyst_cluster":3,"minecraft:torch":19,"minecraft:blast_furnace":1,"minecraft:mossy_cobblestone_wall":1,"minecraft:calcite":13,"minecraft:mud_brick_stairs":5,"minecraft:chest":9,"minecraft:dead_bush":9,"minecraft:cobblestone":136,"minecraft:oak_planks":9,"minecraft:sugar_cane":4,"rechiseled:bone_block_rib":6,"minecraft:wall_torch":20,"minecraft:amethyst_block":4,"byg:soapstone":4,"minecraft:mud":82,"ars_nouveau:archwood_planks":8,"minecraft:wheat":47,"minecraft:smooth_stone_slab":2,"minecraft:grass":78,"minecraft:cracked_deepslate_tiles":4,"minecraft:oak_log":51,"minecraft:sand":24,"minecraft:dirt":575,"minecraft:smooth_basalt":4,"minecraft:red_mushroom_block":3,"minecraft:oak_leaves":2,"minecraft:deepslate":18,"evilcraft:hardened_blood":5,"evilcraft:undead_planks":1,"minecraft:dark_prismarine":5,"minecraft:deepslate_tiles":7,"minecraft:tuff":1,"minecraft:mossy_cobblestone":1,"minecraft:deepslate_diamond_ore":5,"ars_nouveau:green_archwood_leaves":1,"minecraft:glow_lichen":1,"minecraft:red_mushroom":2,"minecraft:rooted_dirt":5,"tconstruct:large_sky_slime_crystal_bud":1,"tconstruct:sky_slime_crystal_cluster":2,"minecraft:large_fern":4,"croptopia:barley_crop":1,"minecraft:hay_block":11,"minecraft:redstone_ore":3,"minecraft:furnace":4,"croptopia:soybean_crop":1,"minecraft:stripped_spruce_log":9,"minecraft:deepslate_iron_ore":21,"minecraft:vine":3,"minecraft:lantern":4,"minecraft:stripped_oak_log":1,"tconstruct:medium_sky_slime_crystal_bud":1,"minecraft:stone":270,"ad_astra:sky_stone":1,"evilcraft:undead_sapling":1,"minecraft:hanging_roots":3,"croptopia:lettuce_crop":1,"minecraft:oak_fence":1,"minecraft:crafting_table":8,"evilcraft:blood_infuser":2,"minecraft:stone_slab":1,"minecraft:tall_grass":39,"minecraft:lapis_ore":12,"minecraft:deepslate_gold_ore":18,"botania:white_double_flower":1,"supplementaries:urn":13,"minecraft:coarse_dirt":8,"minecraft:stripped_spruce_wood":1,"minecraft:cobblestone_wall":2,"ars_nouveau:mage_block":7,"elevatorid:elevator_white":4,"botania:white_mystical_flower":4,"minecraft:coal_ore":40,"evilcraft:undead_log":16,"minecraft:sunflower":2,"minecraft:gravel":12,"minecraft:cobweb":12,"minecraft:polished_andesite":1,"minecraft:gold_ore":1,"minecraft:fern":7},"minecraft:killed":{"minecraft:cave_spider":2,"minecraft:spider":11,"tconstruct:sky_slime":3,"minecraft:skeleton":40,"minecraft:chicken":3,"minecraft:silverfish":1,"minecraft:pig":5,"minecraft:creeper":8,"minecraft:sheep":7,"minecraft:pillager":4,"minecraft:zombie":45,"alexsmobs:fly":1,"minecraft:cow":14,"mca:female_zombie_villager":1,"mca:male_zombie_villager":1,"minecraft:wandering_trader":2,"minecraft:squid":3,"minecraft:enderman":12},"minecraft:dropped":{"minecraft:spruce_sign":2,"minecraft:iron_sword":1,"minecraft:brown_mushroom":19,"minecraft:cooked_beef":1,"minecraft:baked_potato":50,"minecraft:large_amethyst_bud":5,"minecraft:diamond":1,"minecraft:lantern":1,"minecraft:rooted_dirt":2,"minecraft:mossy_cobblestone_wall":1,"magistuarmory:rustednorman_helmet":1,"minecraft:red_mushroom":10,"minecraft:dirt":84,"minecraft:grass":5,"magistuarmory:rusted_bastardsword":1,"minecraft:gold_nugget":7,"minecraft:amethyst_shard":12,"croptopia:barley_seed":1,"minecraft:bone_meal":165,"minecraft:sunflower":2,"magistuarmory:corruptedroundshield":3,"paraglider:paraglider":1,"minecraft:gold_ingot":3,"magistuarmory:rustedchainmail_leggings":7,"minecraft:gravel":1,"minecraft:cobbled_deepslate":30,"minecraft:rotten_flesh":38,"minecraft:oak_planks":56,"evilcraft:flesh_humanoid":2,"waystones:warp_stone":1,"paraglider:deku_leaf":1,"supplementaries:ash":4,"minecraft:chest":28,"minecraft:arrow":5,"minecraft:glass":16,"rechiseled:cobblestone_pulverized":91,"magistuarmory:rustedchainmail_boots":5,"croptopia:barley":1,"croptopia:mustard":1,"minecraft:egg":1,"minecraft:iron_ingot":2,"minecraft:bread":4,"magistuarmory:rustedkettlehat":1,"minecraft:wheat_seeds":22,"minecraft:mossy_cobblestone":1,"evilcraft:condensed_blood":2,"minecraft:iron_helmet":2,"minecraft:feather":2,"minecraft:cobblestone":124,"minecraft:amethyst_block":4,"evilcraft:dark_gem":1,"croptopia:soybean_seed":1,"evilcraft:vengeance_pickaxe":1,"magistuarmory:rustedcrusader_boots":2,"minecraft:torch":2,"byg:soapstone":2,"tombstone:grave_dust":1,"byg:prairie_grass":1,"evilcraft:darkened_apple":1,"magistuarmory:rustedbarbute":3,"sophisticatedbackpacks:crafting_upgrade":1,"minecraft:smooth_basalt":8,"minecraft:moss_carpet":2,"minecraft:coarse_dirt":3,"minecraft:cobblestone_wall":2,"minecraft:tuff":9,"ars_nouveau:glyph_ignite":1,"supplementaries:quiver":2,"minecraft:stone":8,"minecraft:shield":1,"magistuarmory:rustedchainmail_helmet":2,"minecraft:bundle":1,"minecraft:iron_chestplate":1,"minecraft:oak_sapling":7,"ars_nouveau:starbuncle_shards":2,"croptopia:fig":1,"minecraft:spider_eye":3,"minecraft:stone_pickaxe":1,"minecraft:wooden_pickaxe":3,"minecraft:calcite":4,"minecraft:medium_amethyst_bud":6},"minecraft:used":{"magistuarmory:corruptedroundshield":2,"minecraft:iron_shovel":502,"minecraft:ladder":5,"minecraft:shield":61,"minecraft:chest":58,"minecraft:iron_sword":555,"minecraft:rotten_flesh":20,"minecraft:mutton":3,"minecraft:deepslate_tile_slab":1,"minecraft:cracked_deepslate_tiles":4,"minecraft:milk_bucket":1,"ars_elemental:yellow_archwood_sapling":1,"minecraft:quartz_pillar":5,"minecraft:lantern":5,"minecraft:iron_helmet":2,"minecraft:item_frame":5,"minecraft:magma_block":7,"minecraft:bow":13,"minecraft:oak_sapling":4,"minecraft:furnace":5,"rechiseled:bone_block_rib":6,"minecraft:egg":1,"minecraft:potato":141,"botania:white_mystical_flower":3,"minecraft:oak_planks":77,"minecraft:stone_pickaxe":128,"minecraft:ender_pearl":1,"minecraft:wooden_pickaxe":13,"minecraft:composter":17,"elevatorid:elevator_white":6,"evilcraft:undead_sapling":3,"supplementaries:candle_holder":4,"minecraft:blast_furnace":2,"minecraft:shears":10,"croptopia:orange":1,"minecraft:deepslate_tiles":7,"waystones:waystone":4,"minecraft:bread":56,"minecraft:gravel":8,"rechiseled:bone_block_pillar":1,"rechiseled:cobblestone_pulverized":404,"minecraft:air":83,"evilcraft:undead_planks":1,"minecraft:coarse_dirt":13,"minecraft:oak_fence":1,"minecraft:bone_meal":8,"minecraft:stone_sword":74,"minecraft:flint_and_steel":26,"minecraft:stone_shovel":263,"evilcraft:vengeance_pickaxe":30,"minecraft:stick":1,"minecraft:torch":51,"minecraft:dirt":629,"minecraft:golden_shovel":12,"minecraft:mud_brick_stairs":33,"ars_nouveau:green_archwood_leaves":1,"minecraft:iron_hoe":138,"minecraft:iron_axe":126,"minecraft:oak_stairs":1,"minecraft:rooted_dirt":6,"minecraft:mud_bricks":30,"evilcraft:flesh_humanoid":1,"minecraft:smooth_basalt":2,"croptopia:persimmon":2,"minecraft:beef":2,"croptopia:squash":1,"tombstone:gift":7,"minecraft:cooked_beef":28,"minecraft:cobbled_deepslate":3,"minecraft:calcite":3,"minecraft:cooked_mutton":3,"minecraft:wheat_seeds":46,"minecraft:water_bucket":60,"minecraft:pink_tulip":1,"minecraft:glass_bottle":83,"minecraft:polished_andesite":2,"minecraft:baked_potato":169,"evilcraft:blood_infuser":3,"minecraft:spruce_sign":1,"magistuarmory:stone_pike":75,"minecraft:crafting_table":8,"minecraft:red_mushroom":4,"magistuarmory:stone_claymore":1,"minecraft:white_bed":7,"minecraft:oak_log":3,"minecraft:apple":7,"minecraft:iron_pickaxe":745,"minecraft:stone_slab":1,"minecraft:spruce_trapdoor":6,"byg:soapstone":2,"minecraft:stone_axe":47,"minecraft:cobblestone":237,"croptopia:peach_sapling":2,"minecraft:potion":83,"minecraft:porkchop":6,"minecraft:cooked_porkchop":5,"minecraft:bucket":61,"minecraft:pumpkin_pie":7,"magistuarmory:iron_rondache":19,"minecraft:stripped_oak_log":2},"minecraft:picked_up":{"minecraft:wheat":43,"minecraft:stone_slab":1,"minecraft:lead":5,"minecraft:oak_stairs":1,"minecraft:gilded_blackstone":26,"croptopia:calamari":3,"minecraft:amethyst_block":6,"supplementaries:candle_holder":4,"minecraft:string":32,"evilcraft:ender_tear":2,"minecraft:smooth_stone_slab":2,"minecraft:deepslate_tiles":7,"minecraft:cobbled_deepslate":60,"minecraft:gold_nugget":22,"minecraft:smooth_stone":1,"minecraft:calcite":17,"croptopia:mustard_seed":1,"minecraft:furnace":4,"minecraft:stick":11,"croptopia:barley_seed":1,"croptopia:peach_sapling":2,"minecraft:composter":17,"minecraft:oak_fence":1,"minecraft:torch":56,"minecraft:porkchop":19,"tombstone:grave_dust":16,"croptopia:fig":2,"rechiseled:bone_block_rib":6,"botania:white_mystical_flower":4,"tconstruct:sky_slime_crystal":8,"minecraft:rotten_flesh":55,"croptopia:persimmon":2,"supplementaries:quiver":2,"supplementaries:ash":5,"minecraft:cobblestone":516,"paraglider:paraglider":1,"evilcraft:vengeance_pickaxe":1,"minecraft:magma_block":19,"minecraft:feather":2,"minecraft:cooked_beef":9,"magistuarmory:rustedchainmail_boots":5,"minecraft:medium_amethyst_bud":6,"minecraft:mud_brick_stairs":5,"minecraft:potato":497,"minecraft:stripped_spruce_wood":1,"minecraft:flint":8,"minecraft:tuff":12,"ars_elemental:yellow_archwood_sapling":2,"evilcraft:flesh_humanoid":4,"minecraft:lapis_lazuli":87,"minecraft:dirt":870,"minecraft:lantern":6,"botania:white_double_flower":1,"minecraft:bone":52,"minecraft:large_amethyst_bud":4,"minecraft:bow":3,"minecraft:wheat_seeds":173,"minecraft:raw_gold":34,"rechiseled:chisel":1,"minecraft:bamboo":12,"minecraft:oak_planks":13,"byg:prairie_grass":1,"minecraft:cooked_porkchop":2,"ars_nouveau:glyph_ignite":1,"croptopia:mustard":1,"minecraft:poisonous_potato":4,"evilcraft:darkened_apple":1,"minecraft:sand":24,"minecraft:stripped_spruce_log":9,"minecraft:ink_sac":6,"minecraft:dead_bush":8,"minecraft:mossy_cobblestone":2,"minecraft:dark_prismarine":4,"magistuarmory:iron_rondache":1,"minecraft:bundle":1,"croptopia:cherry":4,"minecraft:polished_andesite":2,"minecraft:diamond":12,"waystones:waystone":7,"magistuarmory:corruptedroundshield":4,"minecraft:grass":5,"minecraft:bone_meal":1,"alexsmobs:maggot":1,"evilcraft:blood_infuser":2,"minecraft:spruce_sign":3,"minecraft:emerald":8,"minecraft:bread":9,"minecraft:rooted_dirt":38,"minecraft:oak_sapling":12,"rechiseled:bone_block_pillar":2,"minecraft:coarse_dirt":17,"minecraft:mud":82,"minecraft:crafting_table":8,"byg:soapstone":4,"evilcraft:dark_power_gem":1,"minecraft:ladder":5,"minecraft:chicken":3,"evilcraft:undead_sapling":1,"croptopia:peach":1,"minecraft:brown_mushroom":22,"minecraft:wooden_pickaxe":2,"evilcraft:undead_planks":1,"ad_astra:sky_stone":2,"magistuarmory:stone_pike":1,"minecraft:shield":2,"ars_nouveau:archwood_planks":8,"minecraft:moss_carpet":2,"minecraft:item_frame":9,"minecraft:dark_prismarine_stairs":6,"minecraft:mossy_cobblestone_wall":1,"minecraft:beef":28,"ars_nouveau:starbuncle_shards":4,"minecraft:iron_nugget":17,"evilcraft:hardened_blood_shard":11,"minecraft:sugar_cane":6,"minecraft:chest":71,"minecraft:spruce_trapdoor":6,"minecraft:egg":2,"minecraft:raw_iron":208,"minecraft:stone":10,"magistuarmory:stone_claymore":1,"croptopia:soybean_seed":1,"magistuarmory:rustedbarbute":2,"sophisticatedbackpacks:backpack":1,"minecraft:redstone":45,"tconstruct:sky_slime_ball":2,"minecraft:arrow":25,"minecraft:hay_block":9,"minecraft:pink_tulip":1,"tombstone:essence_of_undeath":1,"minecraft:gold_ingot":10,"minecraft:mutton":8,"minecraft:white_wool":30,"rechiseled:cobblestone_pulverized":179,"minecraft:cracked_deepslate_tiles":4,"minecraft:stripped_oak_log":2,"minecraft:mud_bricks":4,"magistuarmory:rustedhalfarmor_chestplate":2,"minecraft:glow_ink_sac":3,"minecraft:leather":14,"minecraft:red_mushroom":15,"minecraft:oak_log":113,"minecraft:cobblestone_wall":2,"minecraft:gunpowder":10,"minecraft:deepslate_tile_slab":1,"minecraft:white_banner":1,"minecraft:cooked_mutton":1,"croptopia:barley":2,"minecraft:apple":6,"croptopia:squash":1,"minecraft:iron_ingot":67,"tombstone:bag_of_seeds":1,"minecraft:iron_sword":1,"elevatorid:elevator_white":4,"evilcraft:undead_log":15,"minecraft:smooth_basalt":12,"minecraft:gravel":9,"minecraft:amethyst_shard":12,"minecraft:blast_furnace":1,"rechiseled:cobblestone_pillar":1,"minecraft:white_bed":6,"magistuarmory:rustedchainmail_leggings":4,"minecraft:spider_eye":5,"magistuarmory:rustedchainmail_helmet":1,"minecraft:slime_ball":3,"magistuarmory:rusted_bastardsword":1,"magistuarmory:rustedcrusader_boots":1,"evilcraft:dark_gem":37,"croptopia:orange":3,"ars_nouveau:green_archwood_leaves":1,"minecraft:baked_potato":20,"tombstone:magic_scroll":2,"minecraft:coal":129,"minecraft:sunflower":2,"minecraft:ender_pearl":9}},"DataVersion":3120}