{"stats":{"minecraft:mined":{"minecraft:oak_sapling":7,"ars_elemental:yellow_archwood_leaves":15,"minecraft:white_bed":6,"croptopia:orange_crop":7,"minecraft:mossy_cobblestone":7,"minecraft:glow_lichen":3,"minecraft:grass_block":254,"minecraft:spruce_fence":1,"minecraft:brown_mushroom_block":12,"minecraft:coal_block":16,"minecraft:rooted_dirt":7,"minecraft:large_fern":1,"minecraft:hay_block":28,"botania:magenta_mystical_flower":4,"minecraft:furnace":2,"minecraft:fire":2,"minecraft:iron_ore":60,"rechiseled:cobblestone_pillar":4,"byg:prairie_grass":41,"minecraft:pumpkin":4,"evilcraft:dark_ore":1,"minecraft:deepslate_lapis_ore":8,"croptopia:peach_crop":1,"supplementaries:stick":2,"minecraft:bookshelf":4,"minecraft:stripped_oak_log":1,"minecraft:iron_block":1,"minecraft:stone":632,"minecraft:white_wool":3,"byg:tall_prairie_grass":92,"ars_nouveau:purple_archwood_log":17,"minecraft:cake":1,"minecraft:brown_mushroom":1,"minecraft:hanging_roots":3,"ars_nouveau:light_block":3,"minecraft:crafting_table":7,"minecraft:calcite":1,"minecraft:chest":6,"minecraft:tall_grass":10,"minecraft:cobblestone":12,"minecraft:lapis_ore":5,"minecraft:oak_planks":5,"minecraft:wall_torch":2,"supplementaries:urn":2,"byg:soapstone":14,"minecraft:coarse_dirt":11,"ars_nouveau:archwood_planks":3,"minecraft:yellow_wool":3,"minecraft:yellow_bed":3,"minecraft:grass":43,"botania:white_mystical_flower":1,"minecraft:oak_log":176,"minecraft:coal_ore":101,"minecraft:gravel":2,"minecraft:sunflower":3,"minecraft:dirt":89,"minecraft:red_mushroom_block":7,"minecraft:deepslate":6,"byg:tall_allium":1,"minecraft:gold_ore":6,"botania:magenta_double_flower":1,"minecraft:oak_leaves":202,"minecraft:fern":4},"minecraft:killed":{"minecraft:witch":1,"minecraft:spider":13,"minecraft:skeleton":10,"minecraft:pig":6,"minecraft:creeper":7,"minecraft:sheep":21,"minecraft:zombie":27,"minecraft:enderman":3,"minecraft:cow":25},"minecraft:used":{"storagedrawers:oak_full_drawers_1":3,"minecraft:stone_sword":92,"minecraft:stone_shovel":275,"minecraft:chest":14,"minecraft:shield":68,"minecraft:stick":6,"minecraft:iron_chestplate":1,"minecraft:torch":90,"minecraft:dirt":339,"rechiseled:cobblestone_pillar":4,"minecraft:iron_axe":211,"minecraft:oak_stairs":1,"minecraft:rooted_dirt":5,"minecraft:iron_helmet":1,"ars_nouveau:imbuement_chamber":1,"minecraft:oak_sapling":5,"minecraft:furnace":4,"minecraft:potato":36,"minecraft:cooked_beef":10,"tombstone:gift":4,"minecraft:iron_leggings":1,"minecraft:cobbled_deepslate":14,"minecraft:cooked_mutton":32,"minecraft:stone_pickaxe":656,"minecraft:oak_planks":103,"minecraft:wooden_pickaxe":12,"magistuarmory:stone_pike":128,"minecraft:crafting_table":17,"croptopia:apple_sapling":14,"ars_nouveau:agronomic_sourcelink":2,"ars_nouveau:archwood_planks":12,"magistuarmory:stone_claymore":77,"minecraft:white_bed":6,"croptopia:orange":7,"minecraft:apple":7,"ars_nouveau:source_jar":4,"minecraft:bread":35,"minecraft:iron_pickaxe":251,"storagedrawers:oak_full_drawers_2":2,"byg:soapstone":8,"croptopia:peach_sapling":7,"minecraft:stone_axe":248,"magistuarmory:stone_lochaberaxe":53,"minecraft:cobblestone":111,"rechiseled:bone_block_pillar":1,"minecraft:cooked_porkchop":7,"ars_nouveau:scribes_table":1,"minecraft:yellow_bed":3,"alexsmobs:animal_dictionary":1,"minecraft:experience_bottle":1},"minecraft:crafted":{"croptopia:apple_sapling":14,"magistuarmory:stone_claymore":2,"minecraft:oak_planks":268,"minecraft:stone_shovel":2,"minecraft:coal":9,"ars_nouveau:archwood_planks":56,"magistuarmory:stone_shortsword":2,"minecraft:furnace":1,"minecraft:stone":2,"minecraft:bone_meal":9,"ars_nouveau:archwood_slab":24,"minecraft:cooked_mutton":33,"minecraft:flint_and_steel":1,"croptopia:peach_sapling":9,"magistuarmory:hilt":8,"minecraft:iron_boots":1,"ars_nouveau:novice_spell_book":1,"minecraft:iron_axe":2,"botania:white_petal":2,"magistuarmory:rustedchainmail_boots":1,"minecraft:stone_pickaxe":5,"minecraft:chest":14,"magistuarmory:stone_lochaberaxe":1,"magistuarmory:pole":3,"ars_nouveau:agronomic_sourcelink":1,"sophisticatedbackpacks:iron_backpack":1,"minecraft:wheat":153,"croptopia:guide":2,"minecraft:cooked_beef":20,"magistuarmory:stone_pike":2,"minecraft:bone_block":1,"sophisticatedbackpacks:backpack":2,"minecraft:cooked_porkchop":12,"minecraft:crafting_table":9,"ars_nouveau:imbuement_chamber":1,"minecraft:wooden_pickaxe":1,"minecraft:iron_sword":1,"storagedrawers:oak_full_drawers_1":3,"ars_nouveau:source_jar":3,"minecraft:stone_axe":2,"minecraft:bread":51,"minecraft:air":0,"rechiseled:chisel":2,"minecraft:iron_chestplate":1,"minecraft:gold_nugget":9,"minecraft:shield":3,"minecraft:stick":76,"minecraft:iron_ingot":124,"minecraft:iron_pickaxe":2,"minecraft:stone_sword":1,"minecraft:gold_ingot":15,"minecraft:iron_shovel":1,"minecraft:iron_leggings":1,"minecraft:white_bed":1,"minecraft:torch":104,"magistuarmory:leather_strip":12},"minecraft:killed_by":{"minecraft:creeper":2,"minecraft:skeleton":1,"minecraft:zombie":1},"minecraft:picked_up":{"minecraft:crafting_table":11,"minecraft:coarse_dirt":26,"byg:soapstone":14,"minecraft:wheat":6,"croptopia:peach":19,"minecraft:yellow_wool":6,"tconstruct:materials_and_you":1,"minecraft:brown_mushroom":14,"minecraft:wooden_pickaxe":1,"minecraft:oak_stairs":1,"minecraft:shield":1,"ars_nouveau:archwood_planks":3,"minecraft:string":19,"minecraft:experience_bottle":1,"botania:magenta_mystical_flower":6,"paraglider:deku_leaf":1,"minecraft:cobbled_deepslate":54,"minecraft:beef":47,"minecraft:calcite":1,"minecraft:coal_block":16,"minecraft:chest":7,"minecraft:furnace":3,"minecraft:egg":2,"minecraft:stick":17,"minecraft:raw_iron":144,"ars_nouveau:purple_archwood_log":16,"croptopia:barley_seed":1,"sophisticatedbackpacks:crafting_upgrade":1,"minecraft:torch":9,"magistuarmory:rustedbarbute":1,"minecraft:spruce_fence":1,"minecraft:porkchop":16,"magistuarmory:rustedkettlehat":2,"tombstone:grave_dust":3,"minecraft:redstone":124,"botania:white_mystical_flower":1,"byg:biomepedia":1,"minecraft:arrow":8,"minecraft:rotten_flesh":28,"ars_nouveau:agronomic_sourcelink":1,"ars_nouveau:worn_notebook":1,"rechiseled:cobblestone_pulverized":1,"minecraft:hay_block":29,"minecraft:iron_block":1,"supplementaries:ash":4,"evilcraft:condensed_blood":2,"minecraft:mutton":37,"botania:magenta_double_flower":1,"minecraft:white_wool":27,"minecraft:cobblestone":884,"paraglider:paraglider":1,"minecraft:stripped_oak_log":2,"magistuarmory:rustedchainmail_boots":2,"minecraft:glow_ink_sac":13,"minecraft:leather":28,"minecraft:potato":158,"croptopia:glowing_calamari":6,"minecraft:red_mushroom":8,"minecraft:tuff":20,"minecraft:oak_log":175,"supplementaries:flax_seeds":1,"minecraft:yellow_bed":3,"minecraft:gunpowder":4,"ars_nouveau:glyph_phantom_block":1,"mca:book_romance":1,"minecraft:lapis_lazuli":105,"minecraft:dirt":422,"minecraft:lantern":1,"croptopia:guide":1,"minecraft:bone":22,"minecraft:apple":73,"minecraft:bow":1,"ars_nouveau:source_gem":5,"minecraft:wheat_seeds":32,"minecraft:raw_gold":15,"minecraft:iron_ingot":2,"minecraft:oak_planks":5,"minecraft:book":23,"ars_nouveau:source_jar":1,"minecraft:pumpkin":4,"ars_nouveau:glyph_ignite":1,"minecraft:poisonous_potato":2,"minecraft:gravel":2,"minecraft:sand":16,"rechiseled:cobblestone_pillar":3,"minecraft:white_bed":5,"magistuarmory:rustedchainmail_helmet":1,"magistuarmory:rustedchainmail_leggings":3,"minecraft:spider_eye":9,"alexsmobs:animal_dictionary":1,"minecraft:mossy_cobblestone":7,"ars_nouveau:glyph_light":1,"waystones:waystone":1,"magistuarmory:rusted_bastardsword":1,"minecraft:diamond":1,"minecraft:stone_axe":1,"magistuarmory:rustedcrusader_boots":3,"minecraft:iron_helmet":1,"evilcraft:dark_gem":5,"croptopia:orange":8,"minecraft:oak_sapling":32,"minecraft:gray_wool":3,"minecraft:emerald":1,"minecraft:rooted_dirt":16,"tombstone:magic_scroll":1,"minecraft:coal":117,"minecraft:sunflower":4,"minecraft:ender_pearl":2},"minecraft:custom":{"minecraft:mob_kills":117,"minecraft:interact_with_crafting_table":82,"minecraft:open_barrel":4,"minecraft:leave_game":5,"minecraft:time_since_death":210843,"minecraft:climb_one_cm":4511,"minecraft:sprint_one_cm":1241819,"minecraft:damage_blocked_by_shield":3199,"minecraft:walk_one_cm":1131229,"minecraft:drop":95,"minecraft:play_time":525049,"minecraft:sneak_time":9488,"minecraft:deaths":4,"minecraft:walk_under_water_one_cm":13656,"minecraft:jump":6053,"minecraft:walk_on_water_one_cm":37002,"minecraft:total_world_time":525049,"minecraft:interact_with_furnace":49,"tombstone:raider_killed":1,"minecraft:sleep_in_bed":23,"minecraft:time_since_rest":9050,"minecraft:waystone_activated":3,"minecraft:damage_taken":6557,"minecraft:damage_dealt":16509,"minecraft:swim_one_cm":49754,"minecraft:fly_one_cm":1174763,"minecraft:open_chest":158,"minecraft:crouch_one_cm":27540,"tombstone:undead_killed":37,"minecraft:interact_with_smoker":6,"minecraft:fall_one_cm":136591},"minecraft:broken":{"magistuarmory:rustedcrusader_boots":1,"magistuarmory:rustedchainmail_boots":1,"magistuarmory:stone_pike":1,"minecraft:stone_pickaxe":5,"minecraft:shield":1,"minecraft:stone_axe":1,"minecraft:iron_pickaxe":1,"minecraft:stone_shovel":2,"magistuarmory:rustedchainmail_leggings":1},"minecraft:dropped":{"minecraft:lapis_lazuli":1,"magistuarmory:rustedkettlehat":1,"minecraft:bread":10,"minecraft:brown_mushroom":5,"magistuarmory:stone_claymore":1,"minecraft:cooked_beef":9,"minecraft:oak_log":62,"minecraft:diamond":1,"evilcraft:condensed_blood":2,"minecraft:crafting_table":1,"minecraft:lantern":1,"minecraft:rooted_dirt":11,"minecraft:red_mushroom":3,"minecraft:dirt":1,"minecraft:gray_wool":1,"minecraft:torch":3,"minecraft:sunflower":2,"minecraft:string":12,"paraglider:paraglider":1,"minecraft:white_wool":20,"magistuarmory:rustedchainmail_leggings":2,"minecraft:bone":15,"minecraft:gravel":1,"minecraft:stone_axe":1,"minecraft:coarse_dirt":6,"minecraft:cobbled_deepslate":11,"minecraft:tuff":1,"minecraft:raw_iron":98,"minecraft:rotten_flesh":10,"minecraft:oak_planks":4,"minecraft:stripped_oak_log":2,"sophisticatedbackpacks:backpack":1,"minecraft:spruce_fence":1,"minecraft:flint_and_steel":1,"minecraft:stone":2,"minecraft:shield":2,"minecraft:gunpowder":1,"minecraft:glass":8,"waystones:waystone":1,"rechiseled:chisel":1,"minecraft:wooden_pickaxe":2,"croptopia:peach_sapling":2,"minecraft:calcite":1,"magistuarmory:stone_pike":1,"minecraft:egg":2}},"DataVersion":3120}