{"stats":{"minecraft:used":{"minecraft:apple":4,"minecraft:stone_pickaxe":30,"minecraft:oak_planks":13,"minecraft:wooden_pickaxe":12,"minecraft:stone_axe":117,"minecraft:dirt":4,"minecraft:cobblestone":2,"minecraft:white_bed":1,"croptopia:orange":7},"minecraft:mined":{"botania:magenta_mystical_flower":4,"minecraft:white_bed":2,"croptopia:orange_crop":7,"byg:prairie_grass":38,"croptopia:peach_crop":1,"minecraft:grass":5,"minecraft:grass_block":1,"botania:white_mystical_flower":1,"minecraft:oak_log":44,"minecraft:sunflower":1,"minecraft:dirt":4,"minecraft:stone":38,"minecraft:oak_leaves":10,"botania:magenta_double_flower":1,"byg:tall_prairie_grass":70},"minecraft:picked_up":{"minecraft:stick":3,"croptopia:peach":5,"croptopia:barley_seed":1,"minecraft:leather":9,"minecraft:porkchop":7,"minecraft:oak_log":44,"minecraft:white_bed":2,"minecraft:spider_eye":1,"minecraft:string":2,"minecraft:dirt":4,"botania:white_mystical_flower":1,"botania:magenta_mystical_flower":4,"minecraft:apple":20,"minecraft:wheat_seeds":12,"croptopia:orange":8,"minecraft:beef":11,"minecraft:mutton":16,"botania:magenta_double_flower":1,"minecraft:white_wool":11,"minecraft:cobblestone":37,"minecraft:sunflower":1},"minecraft:killed":{"minecraft:sheep":11,"minecraft:zombie":1,"minecraft:pig":4,"minecraft:spider":1,"minecraft:cow":7},"minecraft:crafted":{"minecraft:oak_planks":28,"botania:white_petal":2,"minecraft:stick":4,"minecraft:wooden_pickaxe":1,"minecraft:stone_pickaxe":1,"minecraft:stone_axe":1},"minecraft:custom":{"minecraft:time_since_rest":3960,"minecraft:sprint_one_cm":68751,"minecraft:damage_taken":90,"minecraft:walk_one_cm":68559,"minecraft:mob_kills":24,"minecraft:damage_dealt":2429,"minecraft:interact_with_crafting_table":3,"minecraft:fly_one_cm":76087,"minecraft:crouch_one_cm":1217,"minecraft:play_time":22433,"tombstone:undead_killed":1,"minecraft:sneak_time":337,"minecraft:walk_under_water_one_cm":628,"minecraft:jump":423,"minecraft:leave_game":1,"minecraft:walk_on_water_one_cm":1446,"minecraft:time_since_death":22433,"minecraft:sleep_in_bed":1,"minecraft:total_world_time":22433,"minecraft:fall_one_cm":11515}},"DataVersion":3120}