{"stats":{"minecraft:crafted":{"magistuarmory:stone_claymore":2,"minecraft:oak_planks":508,"ars_nouveau:archwood_planks":80,"magistuarmory:stone_shortsword":2,"ad_astra:hammer":1,"minecraft:stone":59,"magistuarmory:iron_shortsword":1,"minecraft:cooked_mutton":33,"minecraft:iron_boots":1,"magistuarmory:stone_lochaberaxe":1,"minecraft:chest":18,"ars_nouveau:enchanting_apparatus":1,"magistuarmory:pole":3,"storagedrawers:oak_full_drawers_4":4,"ars_nouveau:dull_trinket":1,"sophisticatedbackpacks:backpack":2,"minecraft:cooked_porkchop":12,"minecraft:crafting_table":10,"minecraft:spruce_planks":40,"minecraft:baked_potato":50,"minecraft:wooden_pickaxe":1,"storagedrawers:oak_full_drawers_1":3,"magistuarmory:iron_zweihander":1,"ars_nouveau:source_jar":5,"magistuarmory:wood_roundshield":1,"rechiseled:chisel":2,"magistuarmory:halfarmor_chestplate":1,"minecraft:iron_chestplate":1,"magistuarmory:iron_rondache":1,"minecraft:shield":3,"minecraft:stick":96,"minecraft:iron_ingot":229,"minecraft:iron_pickaxe":2,"minecraft:stone_sword":1,"minecraft:snow_block":59,"storagedrawers:oak_full_drawers_2":2,"minecraft:gold_ingot":56,"minecraft:shears":1,"ars_nouveau:arcane_pedestal":1,"magistuarmory:leather_strip":18,"croptopia:apple_sapling":14,"minecraft:stone_shovel":2,"minecraft:coal":9,"ad_astra:steel_ingot":38,"minecraft:iron_nugget":9,"ars_nouveau:magebloom_fiber":8,"magistuarmory:wood_heatershield":1,"minecraft:furnace":1,"minecraft:stone_button":1,"minecraft:bone_meal":21,"ars_nouveau:archwood_slab":72,"minecraft:flint_and_steel":1,"croptopia:peach_sapling":9,"magistuarmory:hilt":10,"ars_nouveau:novice_spell_book":1,"magistuarmory:knight_leggings":1,"minecraft:iron_axe":2,"botania:white_petal":2,"magistuarmory:rustedchainmail_boots":1,"minecraft:stone_pickaxe":5,"ars_nouveau:dowsing_rod":1,"magistuarmory:barbute":1,"ars_nouveau:agronomic_sourcelink":1,"sophisticatedbackpacks:iron_backpack":1,"minecraft:wheat":153,"croptopia:guide":2,"minecraft:cooked_beef":20,"minecraft:sugar":1,"magistuarmory:stone_pike":2,"minecraft:bone_block":1,"ad_astra:steel_plate":5,"ars_nouveau:imbuement_chamber":1,"minecraft:iron_sword":1,"magistuarmory:knight_chestplate":1,"sophisticatedbackpacks:gold_backpack":1,"minecraft:stone_axe":2,"minecraft:amethyst_block":1,"minecraft:bread":51,"minecraft:air":0,"ars_nouveau:sourcestone":8,"minecraft:gold_nugget":36,"minecraft:fermented_spider_eye":1,"minecraft:iron_shovel":4,"minecraft:iron_leggings":1,"minecraft:white_bed":1,"magistuarmory:armet":1,"minecraft:torch":104,"minecraft:lapis_block":2},"minecraft:killed_by":{"minecraft:creeper":2,"minecraft:zombie":1,"minecraft:enderman":1,"minecraft:skeleton":2,"minecraft:phantom":1},"minecraft:mined":{"croptopia:bellpepper_crop":2,"croptopia:pepper_crop":5,"minecraft:oak_sapling":7,"minecraft:white_bed":6,"croptopia:grape_crop":2,"minecraft:jungle_leaves":7,"byg:poison_ivy":7,"minecraft:grass_block":705,"minecraft:jungle_log":1,"ars_nouveau:bastion_pod":5,"minecraft:coal_block":16,"minecraft:composter":7,"ars_nouveau:frostaya_pod":3,"minecraft:iron_ore":60,"minecraft:fire":19,"byg:prairie_grass":41,"minecraft:pumpkin":6,"minecraft:deepslate_lapis_ore":8,"supplementaries:stick":2,"croptopia:apple_crop":1,"minecraft:pink_tulip":1,"minecraft:iron_block":1,"byg:tall_prairie_grass":92,"minecraft:brown_mushroom":1,"minecraft:melon_stem":5,"ars_nouveau:light_block":15,"minecraft:torch":1,"croptopia:oat_crop":2,"minecraft:calcite":1,"ars_elemental:flashpine_pod":4,"minecraft:chest":7,"minecraft:dead_bush":3,"minecraft:cobblestone":12,"minecraft:sugar_cane":6,"minecraft:oak_planks":45,"ars_nouveau:red_archwood_leaves":6,"minecraft:wall_torch":2,"byg:soapstone":14,"croptopia:zucchini_crop":1,"croptopia:pineapple_crop":1,"ars_nouveau:archwood_planks":3,"minecraft:yellow_wool":3,"minecraft:wheat":81,"croptopia:tomatillo_crop":1,"croptopia:pear_crop":1,"croptopia:chile_pepper_crop":2,"minecraft:grass":104,"minecraft:oak_log":235,"croptopia:salt_ore":1,"minecraft:acacia_fence":1,"byg:blueberry_bush":3,"minecraft:sand":247,"minecraft:dirt":189,"minecraft:red_mushroom_block":7,"minecraft:deepslate":6,"botania:magenta_double_flower":1,"minecraft:oak_leaves":232,"evilcraft:hardened_blood":1,"ars_elemental:yellow_archwood_leaves":22,"byg:clover_patch":1,"croptopia:orange_crop":7,"minecraft:mossy_cobblestone":7,"minecraft:glow_lichen":4,"minecraft:spruce_fence":1,"minecraft:brown_mushroom_block":12,"minecraft:spruce_leaves":77,"minecraft:rooted_dirt":7,"minecraft:large_fern":5,"minecraft:hay_block":28,"croptopia:ginger_crop":1,"ars_nouveau:magebloom_crop":12,"botania:magenta_mystical_flower":4,"minecraft:furnace":2,"ars_nouveau:mendosteen_pod":4,"rechiseled:cobblestone_pillar":4,"minecraft:snow":244,"ars_nouveau:bombegranate_pod":6,"evilcraft:dark_ore":1,"croptopia:peach_crop":1,"minecraft:bookshelf":8,"croptopia:squash_crop":2,"minecraft:vine":9,"minecraft:stripped_oak_log":2,"croptopia:elderberry_crop":2,"minecraft:bamboo":3,"minecraft:stone":1379,"ars_nouveau:purple_archwood_log":42,"byg:firecracker_leaves":5,"minecraft:white_wool":3,"minecraft:cake":1,"supplementaries:book_pile_horizontal":2,"minecraft:acacia_leaves":1,"minecraft:hanging_roots":3,"croptopia:lettuce_crop":1,"croptopia:sweetpotato_crop":1,"minecraft:crafting_table":7,"minecraft:tall_grass":26,"ars_nouveau:source_jar":2,"minecraft:lapis_ore":5,"croptopia:olive_crop":1,"supplementaries:urn":8,"croptopia:leek_crop":2,"minecraft:coarse_dirt":17,"minecraft:sweet_berry_bush":6,"minecraft:spruce_log":305,"minecraft:yellow_bed":3,"croptopia:hops_crop":1,"ars_nouveau:mage_block":1,"botania:white_mystical_flower":1,"minecraft:coal_ore":104,"minecraft:cocoa":4,"croptopia:kiwi_crop":4,"croptopia:blackberry_crop":1,"minecraft:sunflower":3,"minecraft:gravel":3,"croptopia:rutabaga_crop":2,"byg:shrub":1,"byg:tall_allium":1,"minecraft:gold_ore":6,"minecraft:fern":11},"minecraft:broken":{"magistuarmory:rustedcrusader_boots":1,"minecraft:iron_shovel":4,"minecraft:stone_pickaxe":5,"minecraft:stone_axe":1,"minecraft:stone_shovel":2,"magistuarmory:rustedchainmail_boots":1,"magistuarmory:stone_pike":1,"magistuarmory:rustedgreathelm":1,"minecraft:shield":1,"magistuarmory:stone_lochaberaxe":1,"minecraft:iron_axe":2,"minecraft:iron_pickaxe":4,"minecraft:iron_helmet":1,"magistuarmory:rustedchainmail_leggings":1},"minecraft:used":{"minecraft:iron_shovel":1044,"minecraft:chest":32,"ars_nouveau:magebloom_crop":92,"minecraft:shield":94,"minecraft:iron_chestplate":1,"rechiseled:cobblestone_pillar":4,"minecraft:grass_block":9,"evilcraft:bucket_blood":4,"minecraft:iron_helmet":1,"minecraft:bow":1,"minecraft:sweet_berries":6,"minecraft:oak_sapling":5,"minecraft:furnace":6,"minecraft:potato":158,"minecraft:oak_planks":229,"minecraft:stone_pickaxe":656,"minecraft:wooden_pickaxe":12,"minecraft:composter":5,"minecraft:sand":1,"ars_nouveau:agronomic_sourcelink":4,"ars_nouveau:archwood_planks":12,"minecraft:shears":10,"croptopia:orange":7,"ars_nouveau:enchanting_apparatus":1,"ars_elemental:flashpine_pod":4,"minecraft:bread":44,"rechiseled:cobblestone_pulverized":84,"magistuarmory:stone_lochaberaxe":158,"rechiseled:bone_block_pillar":1,"minecraft:bone_meal":164,"minecraft:experience_bottle":3,"storagedrawers:oak_full_drawers_1":10,"storagedrawers:oak_full_drawers_2":9,"minecraft:stone_sword":92,"ars_nouveau:arcane_core":2,"minecraft:stone_shovel":275,"minecraft:stick":8,"minecraft:torch":96,"minecraft:dirt":1067,"evilcraft:undead_log":1,"minecraft:iron_hoe":80,"minecraft:iron_axe":772,"minecraft:oak_stairs":1,"minecraft:rooted_dirt":5,"ars_nouveau:imbuement_chamber":1,"minecraft:bamboo":15,"croptopia:persimmon":1,"tombstone:gift":6,"minecraft:cooked_beef":12,"minecraft:cobbled_deepslate":38,"minecraft:iron_leggings":1,"minecraft:cooked_mutton":33,"minecraft:wheat_seeds":81,"minecraft:water_bucket":2,"minecraft:baked_potato":94,"magistuarmory:iron_zweihander":74,"magistuarmory:stone_pike":128,"minecraft:crafting_table":19,"croptopia:cherry":6,"magistuarmory:stone_claymore":77,"croptopia:apple_sapling":14,"minecraft:white_bed":6,"minecraft:book":2,"minecraft:apple":9,"ars_nouveau:source_jar":24,"ars_nouveau:arcane_pedestal":12,"minecraft:iron_pickaxe":1001,"minecraft:map":1,"byg:soapstone":8,"minecraft:stone_axe":255,"storagedrawers:oak_full_drawers_4":9,"minecraft:cobblestone":111,"croptopia:peach_sapling":7,"minecraft:cooked_porkchop":7,"magistuarmory:knight_chestplate":2,"minecraft:bucket":6,"minecraft:yellow_bed":4,"alexsmobs:animal_dictionary":1,"ars_nouveau:scribes_table":3},"minecraft:custom":{"minecraft:interact_with_crafting_table":89,"minecraft:open_barrel":4,"minecraft:bell_ring":2,"minecraft:leave_game":16,"minecraft:time_since_death":74000,"minecraft:sprint_one_cm":3106567,"minecraft:damage_blocked_by_shield":4663,"minecraft:drop":160,"minecraft:play_time":1194807,"minecraft:deaths":13,"minecraft:jump":13213,"minecraft:interact_with_brewingstand":2,"minecraft:walk_on_water_one_cm":89846,"minecraft:interact_with_furnace":82,"minecraft:sleep_in_bed":52,"minecraft:waystone_activated":11,"minecraft:damage_dealt":27617,"minecraft:player_kills":3,"minecraft:crouch_one_cm":69454,"tombstone:undead_killed":65,"minecraft:interact_with_smoker":6,"minecraft:inspect_dispenser":2,"minecraft:interact_with_smithing_table":1,"minecraft:mob_kills":184,"minecraft:damage_dealt_resisted":154,"minecraft:climb_one_cm":23257,"minecraft:walk_one_cm":2765957,"minecraft:damage_dealt_absorbed":122,"minecraft:sneak_time":23915,"minecraft:walk_under_water_one_cm":47476,"minecraft:interact_with_blast_furnace":18,"minecraft:total_world_time":1194807,"tombstone:raider_killed":4,"minecraft:time_since_rest":11034,"minecraft:damage_taken":14423,"minecraft:swim_one_cm":108073,"minecraft:fly_one_cm":2766614,"minecraft:open_chest":482,"minecraft:fall_one_cm":348267},"minecraft:dropped":{"ars_nouveau:novice_spell_book":19,"magistuarmory:stone_claymore":1,"minecraft:brown_mushroom":5,"minecraft:lapis_lazuli":2,"minecraft:cooked_beef":9,"minecraft:oak_log":62,"minecraft:baked_potato":4,"minecraft:diamond":2,"minecraft:ender_pearl":6,"minecraft:crafting_table":1,"minecraft:lantern":1,"minecraft:rooted_dirt":11,"minecraft:leather":1,"minecraft:red_mushroom":3,"minecraft:item_frame":4,"minecraft:dirt":1,"magistuarmory:iron_rondache":1,"minecraft:sunflower":2,"paraglider:paraglider":1,"minecraft:white_wool":20,"minecraft:bone":15,"magistuarmory:rustedchainmail_leggings":2,"minecraft:gravel":1,"minecraft:stone_axe":1,"minecraft:cobbled_deepslate":11,"minecraft:rotten_flesh":15,"minecraft:oak_planks":4,"evilcraft:flesh_humanoid":4,"minecraft:gunpowder":1,"minecraft:chest":64,"rechiseled:chisel":1,"minecraft:glass":8,"magistuarmory:stone_pike":1,"minecraft:egg":2,"minecraft:bread":10,"croptopia:peach_sapling":2,"magistuarmory:rustedkettlehat":2,"evilcraft:condensed_blood":2,"minecraft:poisonous_potato":4,"minecraft:cobblestone":107,"minecraft:amethyst_block":1,"evilcraft:dark_gem":37,"evilcraft:vengeance_pickaxe":1,"minecraft:coal":1,"minecraft:gray_wool":1,"minecraft:torch":3,"evilcraft:darkened_apple":1,"minecraft:iron_shovel":1,"minecraft:string":12,"minecraft:coarse_dirt":7,"minecraft:tuff":1,"minecraft:raw_iron":98,"minecraft:stripped_oak_log":2,"sophisticatedbackpacks:backpack":1,"minecraft:spruce_fence":1,"minecraft:flint_and_steel":1,"minecraft:stone":2,"minecraft:shield":3,"minecraft:diamond_pickaxe":1,"croptopia:fig":1,"minecraft:bow":1,"minecraft:wooden_pickaxe":2,"waystones:waystone":3,"minecraft:calcite":1},"minecraft:picked_up":{"croptopia:zucchini":1,"waystones:warp_stone":1,"minecraft:wheat":181,"byg:alpine_bellflower":1,"croptopia:grape_seed":4,"minecraft:yellow_wool":6,"croptopia:tomatillo_seed":1,"supplementaries:bomb_blue":1,"minecraft:lead":1,"minecraft:oak_stairs":1,"minecraft:enchanted_book":1,"minecraft:brewing_stand":2,"ars_nouveau:bombegranate_pod":12,"minecraft:gilded_blackstone":21,"minecraft:amethyst_block":38,"minecraft:lapis_block":6,"minecraft:string":21,"croptopia:lettuce":1,"minecraft:iron_leggings":1,"minecraft:armor_stand":2,"minecraft:experience_bottle":3,"paraglider:deku_leaf":1,"minecraft:gold_nugget":50,"minecraft:cobbled_deepslate":189,"minecraft:calcite":1,"ars_nouveau:mendosteen_pod":6,"minecraft:coal_block":19,"ars_elemental:flashpine_pod":10,"minecraft:iron_boots":1,"minecraft:furnace":5,"minecraft:stick":55,"croptopia:barley_seed":1,"minecraft:composter":7,"croptopia:rutabaga":1,"minecraft:torch":23,"croptopia:blackberry_seed":2,"minecraft:porkchop":27,"croptopia:olive_seed":1,"croptopia:ginger_seed":1,"tombstone:grave_dust":6,"croptopia:fig":7,"minecraft:vine":3,"croptopia:date":7,"botania:white_mystical_flower":1,"minecraft:rotten_flesh":47,"croptopia:persimmon":13,"croptopia:squash_seed":4,"ars_nouveau:agronomic_sourcelink":2,"ars_nouveau:arcane_core":1,"ars_nouveau:worn_notebook":1,"minecraft:iron_block":1,"supplementaries:ash":4,"croptopia:elderberry":2,"supplementaries:quiver":1,"evilcraft:condensed_blood":2,"minecraft:obsidian":6,"croptopia:lettuce_seed":1,"minecraft:snowball":238,"ars_nouveau:manipulation_essence":1,"minecraft:cobblestone":1645,"paraglider:paraglider":1,"evilcraft:vengeance_pickaxe":1,"minecraft:magma_block":6,"minecraft:leather_chestplate":2,"minecraft:cooked_beef":1,"magistuarmory:rustedchainmail_boots":2,"croptopia:nectarine":6,"minecraft:potato":1084,"ars_nouveau:magebloom":180,"minecraft:tuff":50,"evilcraft:flesh_humanoid":2,"supplementaries:flax_seeds":1,"ars_nouveau:glyph_amplify":1,"ars_nouveau:glyph_phantom_block":1,"ars_nouveau:scribes_table":2,"minecraft:lapis_lazuli":325,"ars_nouveau:amulet_of_mana_boost":1,"minecraft:dirt":957,"minecraft:lantern":1,"minecraft:leather_boots":1,"croptopia:kiwi_seed":8,"minecraft:glass":16,"croptopia:guide":1,"minecraft:bone":37,"croptopia:sweetpotato":1,"minecraft:bow":3,"minecraft:wheat_seeds":580,"ars_nouveau:source_gem":43,"byg:blueberries":9,"minecraft:raw_gold":54,"croptopia:bellpepper":2,"croptopia:nutmeg":3,"minecraft:bamboo":12,"minecraft:oak_planks":101,"croptopia:chile_pepper_seed":3,"croptopia:plum":4,"croptopia:ginger":1,"ars_nouveau:glyph_ignite":1,"croptopia:blackberry":1,"minecraft:poisonous_potato":8,"evilcraft:darkened_apple":1,"minecraft:sand":263,"croptopia:oat":2,"minecraft:grass_block":9,"minecraft:fermented_spider_eye":3,"magistuarmory:rustedgreathelm":1,"alexsmobs:animal_dictionary":1,"minecraft:mossy_cobblestone":7,"minecraft:dark_prismarine":3,"croptopia:chile_pepper":1,"croptopia:cherry":10,"croptopia:hops_seed":1,"minecraft:sugar":3,"minecraft:diamond":22,"waystones:waystone":4,"croptopia:pineapple_seed":2,"croptopia:leek_seed":2,"minecraft:bone_meal":165,"minecraft:emerald":7,"minecraft:bread":4,"minecraft:rooted_dirt":21,"minecraft:oak_sapling":38,"ars_nouveau:arcane_pedestal":1,"croptopia:zucchini_seed":2,"minecraft:crafting_table":12,"minecraft:cocoa_beans":6,"minecraft:coarse_dirt":56,"byg:soapstone":14,"minecraft:leather_leggings":1,"croptopia:peach":54,"minecraft:brown_mushroom":19,"croptopia:sweetpotato_seed":1,"tconstruct:materials_and_you":1,"minecraft:wooden_pickaxe":1,"minecraft:gold_block":1,"ad_astra:sky_stone":6,"minecraft:shield":2,"ars_nouveau:archwood_planks":3,"minecraft:acacia_door":1,"minecraft:item_frame":1,"croptopia:bellpepper_seed":3,"minecraft:iron_shovel":2,"botania:magenta_mystical_flower":6,"minecraft:blackstone":4,"croptopia:pear":11,"minecraft:dark_prismarine_stairs":6,"minecraft:beef":52,"ars_nouveau:starbuncle_shards":3,"minecraft:player_head":2,"croptopia:pepper_seed":7,"croptopia:coconut":5,"byg:shrub":1,"minecraft:sugar_cane":12,"minecraft:chest":36,"minecraft:birch_sapling":1,"minecraft:phantom_membrane":3,"minecraft:egg":4,"minecraft:raw_iron":251,"ars_nouveau:purple_archwood_log":41,"sophisticatedbackpacks:crafting_upgrade":1,"magistuarmory:rustedbarbute":1,"minecraft:spruce_fence":1,"magistuarmory:rustedkettlehat":3,"ars_nouveau:frostaya_pod":9,"minecraft:stone_button":1,"minecraft:redstone":284,"croptopia:grape":2,"byg:biomepedia":1,"tconstruct:sky_slime_ball":11,"minecraft:arrow":19,"ars_nouveau:abjuration_essence":3,"minecraft:hay_block":29,"minecraft:pink_tulip":1,"minecraft:gold_ingot":1,"croptopia:salt":2,"croptopia:pepper":4,"minecraft:mutton":38,"botania:magenta_double_flower":1,"minecraft:white_wool":28,"rechiseled:cobblestone_pulverized":77,"minecraft:stripped_oak_log":3,"minecraft:clock":1,"minecraft:basalt":2,"minecraft:glow_ink_sac":15,"byg:poison_ivy":6,"minecraft:leather":36,"croptopia:glowing_calamari":6,"minecraft:red_mushroom":11,"minecraft:oak_log":234,"croptopia:leek":2,"minecraft:cobblestone_stairs":3,"minecraft:yellow_bed":4,"minecraft:gunpowder":5,"mca:book_romance":1,"tombstone:gift":1,"croptopia:olive":1,"minecraft:apple":115,"croptopia:squash":1,"minecraft:iron_ingot":4,"croptopia:pineapple":1,"croptopia:elderberry_seed":3,"minecraft:iron_sword":1,"croptopia:kiwi":4,"minecraft:book":38,"minecraft:milk_bucket":2,"evilcraft:undead_log":1,"minecraft:smooth_basalt":44,"ars_nouveau:source_jar":15,"minecraft:pumpkin":4,"minecraft:sweet_berries":6,"croptopia:starfruit":7,"ars_nouveau:red_archwood_sapling":2,"minecraft:raw_iron_block":1,"magistuarmory:knight_chestplate":1,"ars_nouveau:novice_spell_book":20,"minecraft:gravel":10,"croptopia:hops":1,"ars_nouveau:bastion_pod":11,"magistuarmory:rustednorman_helmet":1,"minecraft:amethyst_shard":12,"croptopia:rutabaga_seed":2,"minecraft:spruce_sapling":65,"minecraft:blast_furnace":1,"rechiseled:cobblestone_pillar":3,"minecraft:white_bed":5,"minecraft:spruce_log":303,"magistuarmory:rustedchainmail_leggings":6,"minecraft:spider_eye":11,"croptopia:oat_seed":4,"ars_nouveau:glyph_light":1,"magistuarmory:rustedchainmail_helmet":1,"minecraft:stone_axe":1,"magistuarmory:rusted_bastardsword":2,"ars_nouveau:source_gem_block":8,"magistuarmory:rustedcrusader_boots":3,"croptopia:orange":14,"evilcraft:dark_gem":42,"minecraft:iron_helmet":1,"minecraft:gray_wool":3,"minecraft:baked_potato":50,"tombstone:magic_scroll":1,"minecraft:melon_seeds":8,"minecraft:coal":155,"minecraft:sunflower":4,"minecraft:ender_pearl":9,"ars_nouveau:magebloom_crop":184},"minecraft:killed":{"minecraft:witch":1,"minecraft:spider":17,"tconstruct:sky_slime":14,"minecraft:skeleton":19,"minecraft:pig":11,"minecraft:creeper":9,"minecraft:sheep":22,"minecraft:zombie":43,"minecraft:cow":27,"minecraft:phantom":3,"ars_nouveau:cascading_weald_walker":1,"minecraft:enderman":9}},"DataVersion":3120}