{"stats":{"minecraft:crafted":{"magistuarmory:stone_claymore":2,"minecraft:oak_planks":272,"ars_nouveau:archwood_planks":80,"magistuarmory:stone_shortsword":2,"ad_astra:hammer":1,"minecraft:stone":59,"magistuarmory:iron_shortsword":1,"minecraft:cooked_mutton":33,"minecraft:iron_boots":1,"magistuarmory:stone_lochaberaxe":1,"minecraft:chest":14,"ars_nouveau:enchanting_apparatus":1,"magistuarmory:pole":3,"ars_nouveau:dull_trinket":1,"sophisticatedbackpacks:backpack":2,"minecraft:cooked_porkchop":12,"minecraft:crafting_table":9,"minecraft:wooden_pickaxe":1,"minecraft:baked_potato":18,"storagedrawers:oak_full_drawers_1":3,"magistuarmory:iron_zweihander":1,"ars_nouveau:source_jar":5,"magistuarmory:wood_roundshield":1,"rechiseled:chisel":2,"magistuarmory:halfarmor_chestplate":1,"minecraft:iron_chestplate":1,"magistuarmory:iron_rondache":1,"minecraft:shield":3,"minecraft:stick":96,"minecraft:iron_ingot":229,"minecraft:iron_pickaxe":2,"minecraft:stone_sword":1,"minecraft:gold_ingot":56,"ars_nouveau:arcane_pedestal":1,"magistuarmory:leather_strip":18,"croptopia:apple_sapling":14,"minecraft:stone_shovel":2,"minecraft:coal":9,"ad_astra:steel_ingot":38,"minecraft:iron_nugget":9,"ars_nouveau:magebloom_fiber":8,"magistuarmory:wood_heatershield":1,"minecraft:furnace":1,"minecraft:stone_button":1,"minecraft:bone_meal":9,"ars_nouveau:archwood_slab":72,"minecraft:flint_and_steel":1,"croptopia:peach_sapling":9,"magistuarmory:hilt":10,"ars_nouveau:novice_spell_book":1,"magistuarmory:knight_leggings":1,"minecraft:iron_axe":2,"botania:white_petal":2,"magistuarmory:rustedchainmail_boots":1,"minecraft:stone_pickaxe":5,"magistuarmory:barbute":1,"ars_nouveau:agronomic_sourcelink":1,"sophisticatedbackpacks:iron_backpack":1,"minecraft:wheat":153,"croptopia:guide":2,"minecraft:cooked_beef":20,"magistuarmory:stone_pike":2,"minecraft:bone_block":1,"ad_astra:steel_plate":5,"ars_nouveau:imbuement_chamber":1,"minecraft:iron_sword":1,"magistuarmory:knight_chestplate":1,"sophisticatedbackpacks:gold_backpack":1,"minecraft:stone_axe":2,"minecraft:amethyst_block":1,"minecraft:bread":51,"minecraft:air":0,"ars_nouveau:sourcestone":8,"minecraft:gold_nugget":36,"minecraft:iron_shovel":3,"minecraft:iron_leggings":1,"minecraft:white_bed":1,"magistuarmory:armet":1,"minecraft:torch":104,"minecraft:lapis_block":2},"minecraft:killed_by":{"minecraft:creeper":2,"minecraft:zombie":1,"minecraft:enderman":1,"minecraft:skeleton":2,"minecraft:phantom":1},"minecraft:custom":{"minecraft:interact_with_crafting_table":85,"minecraft:open_barrel":4,"minecraft:leave_game":9,"minecraft:time_since_death":115535,"minecraft:sprint_one_cm":2038825,"minecraft:damage_blocked_by_shield":4663,"minecraft:drop":137,"minecraft:play_time":872512,"minecraft:deaths":11,"minecraft:jump":8987,"minecraft:walk_on_water_one_cm":62171,"minecraft:interact_with_furnace":79,"minecraft:sleep_in_bed":39,"minecraft:waystone_activated":3,"minecraft:damage_dealt":25178,"minecraft:player_kills":2,"minecraft:crouch_one_cm":64762,"tombstone:undead_killed":63,"minecraft:interact_with_smoker":6,"minecraft:mob_kills":162,"minecraft:damage_dealt_resisted":154,"minecraft:climb_one_cm":15655,"minecraft:walk_one_cm":1893754,"minecraft:damage_dealt_absorbed":122,"minecraft:sneak_time":21427,"minecraft:walk_under_water_one_cm":23904,"minecraft:interact_with_blast_furnace":15,"minecraft:total_world_time":872512,"tombstone:raider_killed":4,"minecraft:time_since_rest":2098,"minecraft:damage_taken":11878,"minecraft:swim_one_cm":57477,"minecraft:fly_one_cm":1730417,"minecraft:open_chest":292,"minecraft:fall_one_cm":226623},"minecraft:broken":{"magistuarmory:rustedcrusader_boots":1,"minecraft:iron_shovel":2,"minecraft:stone_pickaxe":5,"minecraft:stone_axe":1,"minecraft:stone_shovel":2,"magistuarmory:rustedchainmail_boots":1,"magistuarmory:stone_pike":1,"magistuarmory:rustedgreathelm":1,"minecraft:shield":1,"magistuarmory:stone_lochaberaxe":1,"minecraft:iron_pickaxe":1,"minecraft:iron_helmet":1,"magistuarmory:rustedchainmail_leggings":1},"minecraft:mined":{"minecraft:white_bed":6,"minecraft:oak_sapling":7,"minecraft:grass_block":700,"minecraft:coal_block":16,"minecraft:iron_ore":60,"minecraft:fire":3,"byg:prairie_grass":41,"minecraft:pumpkin":4,"minecraft:deepslate_lapis_ore":8,"supplementaries:stick":2,"croptopia:apple_crop":1,"minecraft:iron_block":1,"byg:tall_prairie_grass":92,"minecraft:brown_mushroom":1,"ars_nouveau:light_block":9,"minecraft:torch":1,"minecraft:calcite":1,"minecraft:chest":6,"minecraft:cobblestone":12,"minecraft:oak_planks":45,"minecraft:wall_torch":2,"byg:soapstone":14,"ars_nouveau:archwood_planks":3,"minecraft:yellow_wool":3,"minecraft:wheat":8,"minecraft:grass":80,"minecraft:oak_log":235,"minecraft:dirt":187,"minecraft:red_mushroom_block":7,"minecraft:oak_leaves":202,"botania:magenta_double_flower":1,"minecraft:deepslate":6,"ars_elemental:yellow_archwood_leaves":15,"croptopia:orange_crop":7,"minecraft:mossy_cobblestone":7,"minecraft:glow_lichen":4,"minecraft:spruce_fence":1,"minecraft:brown_mushroom_block":12,"minecraft:rooted_dirt":7,"minecraft:large_fern":3,"minecraft:hay_block":28,"botania:magenta_mystical_flower":4,"minecraft:furnace":2,"rechiseled:cobblestone_pillar":4,"evilcraft:dark_ore":1,"croptopia:peach_crop":1,"minecraft:bookshelf":8,"minecraft:vine":6,"minecraft:stripped_oak_log":2,"minecraft:stone":632,"minecraft:white_wool":3,"minecraft:cake":1,"ars_nouveau:purple_archwood_log":42,"supplementaries:book_pile_horizontal":2,"minecraft:hanging_roots":3,"minecraft:crafting_table":7,"minecraft:tall_grass":19,"minecraft:lapis_ore":5,"supplementaries:urn":8,"minecraft:coarse_dirt":12,"minecraft:yellow_bed":3,"botania:white_mystical_flower":1,"minecraft:coal_ore":101,"minecraft:sunflower":3,"minecraft:gravel":2,"byg:tall_allium":1,"minecraft:gold_ore":6,"minecraft:fern":7},"minecraft:killed":{"minecraft:witch":1,"minecraft:spider":17,"minecraft:skeleton":18,"minecraft:pig":10,"minecraft:creeper":7,"minecraft:sheep":21,"minecraft:zombie":42,"minecraft:cow":25,"minecraft:phantom":3,"minecraft:enderman":9},"minecraft:dropped":{"magistuarmory:stone_claymore":1,"ars_nouveau:novice_spell_book":11,"minecraft:brown_mushroom":5,"minecraft:lapis_lazuli":2,"minecraft:cooked_beef":9,"minecraft:oak_log":62,"minecraft:baked_potato":4,"minecraft:diamond":2,"minecraft:ender_pearl":6,"minecraft:crafting_table":1,"minecraft:lantern":1,"minecraft:rooted_dirt":11,"minecraft:leather":1,"minecraft:red_mushroom":3,"minecraft:dirt":1,"magistuarmory:iron_rondache":1,"minecraft:sunflower":2,"paraglider:paraglider":1,"minecraft:white_wool":20,"minecraft:bone":15,"magistuarmory:rustedchainmail_leggings":2,"minecraft:gravel":1,"minecraft:stone_axe":1,"minecraft:cobbled_deepslate":11,"minecraft:rotten_flesh":15,"minecraft:oak_planks":4,"evilcraft:flesh_humanoid":3,"minecraft:gunpowder":1,"rechiseled:chisel":1,"minecraft:glass":8,"magistuarmory:stone_pike":1,"minecraft:egg":2,"minecraft:bread":10,"croptopia:peach_sapling":2,"magistuarmory:rustedkettlehat":2,"evilcraft:condensed_blood":2,"minecraft:poisonous_potato":3,"minecraft:amethyst_block":1,"evilcraft:dark_gem":37,"minecraft:gray_wool":1,"minecraft:torch":3,"evilcraft:darkened_apple":1,"minecraft:string":12,"minecraft:coarse_dirt":7,"minecraft:tuff":1,"minecraft:raw_iron":98,"minecraft:stripped_oak_log":2,"sophisticatedbackpacks:backpack":1,"minecraft:spruce_fence":1,"minecraft:flint_and_steel":1,"minecraft:stone":2,"minecraft:shield":3,"minecraft:diamond_pickaxe":1,"minecraft:bow":1,"minecraft:wooden_pickaxe":2,"waystones:waystone":1,"minecraft:calcite":1},"minecraft:used":{"minecraft:iron_shovel":531,"ars_nouveau:magebloom_crop":9,"minecraft:chest":14,"minecraft:shield":94,"minecraft:iron_chestplate":1,"rechiseled:cobblestone_pillar":4,"minecraft:grass_block":9,"minecraft:iron_helmet":1,"minecraft:bow":1,"minecraft:oak_sapling":5,"minecraft:furnace":4,"minecraft:potato":154,"minecraft:oak_planks":177,"minecraft:stone_pickaxe":656,"minecraft:wooden_pickaxe":12,"ars_nouveau:agronomic_sourcelink":4,"ars_nouveau:archwood_planks":12,"croptopia:orange":7,"ars_nouveau:enchanting_apparatus":1,"minecraft:bread":41,"rechiseled:cobblestone_pulverized":79,"magistuarmory:stone_lochaberaxe":158,"rechiseled:bone_block_pillar":1,"minecraft:experience_bottle":1,"storagedrawers:oak_full_drawers_1":3,"storagedrawers:oak_full_drawers_2":2,"minecraft:stone_sword":92,"ars_nouveau:arcane_core":2,"minecraft:stone_shovel":275,"minecraft:stick":8,"minecraft:torch":96,"minecraft:dirt":1021,"minecraft:iron_hoe":80,"minecraft:iron_axe":369,"minecraft:oak_stairs":1,"minecraft:rooted_dirt":5,"ars_nouveau:imbuement_chamber":1,"tombstone:gift":6,"minecraft:cooked_beef":11,"minecraft:cobbled_deepslate":38,"minecraft:iron_leggings":1,"minecraft:cooked_mutton":33,"minecraft:wheat_seeds":78,"minecraft:water_bucket":2,"minecraft:baked_potato":42,"magistuarmory:iron_zweihander":8,"magistuarmory:stone_pike":128,"minecraft:crafting_table":17,"croptopia:apple_sapling":14,"magistuarmory:stone_claymore":77,"minecraft:white_bed":6,"minecraft:book":2,"minecraft:apple":9,"ars_nouveau:source_jar":17,"ars_nouveau:arcane_pedestal":12,"minecraft:iron_pickaxe":251,"byg:soapstone":8,"minecraft:stone_axe":255,"minecraft:cobblestone":111,"croptopia:peach_sapling":7,"minecraft:cooked_porkchop":7,"magistuarmory:knight_chestplate":1,"minecraft:bucket":2,"minecraft:yellow_bed":4,"alexsmobs:animal_dictionary":1,"ars_nouveau:scribes_table":3},"minecraft:picked_up":{"waystones:warp_stone":1,"minecraft:wheat":115,"minecraft:yellow_wool":6,"supplementaries:bomb_blue":1,"minecraft:oak_stairs":1,"minecraft:amethyst_block":38,"minecraft:lapis_block":6,"minecraft:string":21,"minecraft:experience_bottle":1,"paraglider:deku_leaf":1,"minecraft:gold_nugget":43,"minecraft:cobbled_deepslate":189,"minecraft:calcite":1,"minecraft:coal_block":16,"minecraft:furnace":3,"minecraft:stick":23,"croptopia:barley_seed":1,"minecraft:torch":23,"minecraft:porkchop":25,"tombstone:grave_dust":5,"botania:white_mystical_flower":1,"minecraft:rotten_flesh":47,"ars_nouveau:agronomic_sourcelink":2,"ars_nouveau:arcane_core":1,"ars_nouveau:worn_notebook":1,"minecraft:iron_block":1,"supplementaries:ash":4,"supplementaries:quiver":1,"evilcraft:condensed_blood":2,"ars_nouveau:manipulation_essence":1,"minecraft:cobblestone":894,"paraglider:paraglider":1,"minecraft:magma_block":6,"magistuarmory:rustedchainmail_boots":2,"minecraft:potato":549,"ars_nouveau:magebloom":7,"minecraft:tuff":50,"evilcraft:flesh_humanoid":2,"supplementaries:flax_seeds":1,"ars_nouveau:glyph_amplify":1,"ars_nouveau:glyph_phantom_block":1,"ars_nouveau:scribes_table":2,"ars_nouveau:amulet_of_mana_boost":1,"minecraft:lapis_lazuli":322,"minecraft:dirt":951,"minecraft:lantern":1,"minecraft:glass":16,"croptopia:guide":1,"minecraft:bone":35,"minecraft:bow":3,"minecraft:wheat_seeds":331,"ars_nouveau:source_gem":41,"minecraft:raw_gold":54,"minecraft:oak_planks":45,"ars_nouveau:glyph_ignite":1,"evilcraft:darkened_apple":1,"minecraft:poisonous_potato":6,"minecraft:sand":16,"minecraft:grass_block":9,"magistuarmory:rustedgreathelm":1,"alexsmobs:animal_dictionary":1,"minecraft:mossy_cobblestone":7,"minecraft:diamond":21,"waystones:waystone":1,"minecraft:emerald":6,"minecraft:bread":1,"minecraft:rooted_dirt":21,"minecraft:oak_sapling":38,"ars_nouveau:arcane_pedestal":1,"minecraft:coarse_dirt":51,"minecraft:crafting_table":11,"byg:soapstone":14,"croptopia:peach":54,"tconstruct:materials_and_you":1,"minecraft:brown_mushroom":19,"minecraft:wooden_pickaxe":1,"minecraft:shield":2,"ars_nouveau:archwood_planks":3,"minecraft:iron_shovel":1,"botania:magenta_mystical_flower":6,"minecraft:blackstone":4,"minecraft:beef":48,"minecraft:chest":7,"minecraft:phantom_membrane":3,"minecraft:egg":4,"minecraft:raw_iron":251,"ars_nouveau:purple_archwood_log":41,"sophisticatedbackpacks:crafting_upgrade":1,"magistuarmory:rustedbarbute":1,"minecraft:spruce_fence":1,"magistuarmory:rustedkettlehat":3,"minecraft:stone_button":1,"minecraft:redstone":284,"byg:biomepedia":1,"minecraft:arrow":18,"minecraft:hay_block":29,"minecraft:mutton":37,"botania:magenta_double_flower":1,"minecraft:white_wool":27,"rechiseled:cobblestone_pulverized":72,"minecraft:stripped_oak_log":3,"minecraft:clock":1,"minecraft:glow_ink_sac":15,"minecraft:leather":29,"croptopia:glowing_calamari":6,"minecraft:red_mushroom":11,"minecraft:oak_log":234,"minecraft:yellow_bed":4,"minecraft:gunpowder":4,"mca:book_romance":1,"tombstone:gift":1,"minecraft:apple":115,"minecraft:iron_ingot":2,"minecraft:iron_sword":1,"minecraft:book":37,"minecraft:smooth_basalt":17,"ars_nouveau:source_jar":12,"minecraft:pumpkin":4,"minecraft:raw_iron_block":1,"ars_nouveau:novice_spell_book":12,"minecraft:gravel":7,"magistuarmory:rustednorman_helmet":1,"minecraft:amethyst_shard":12,"rechiseled:cobblestone_pillar":3,"minecraft:white_bed":5,"magistuarmory:rustedchainmail_leggings":6,"minecraft:spider_eye":11,"ars_nouveau:glyph_light":1,"magistuarmory:rustedchainmail_helmet":1,"magistuarmory:rusted_bastardsword":2,"minecraft:stone_axe":1,"ars_nouveau:source_gem_block":4,"magistuarmory:rustedcrusader_boots":3,"croptopia:orange":10,"evilcraft:dark_gem":42,"minecraft:iron_helmet":1,"minecraft:gray_wool":3,"minecraft:baked_potato":30,"tombstone:magic_scroll":1,"minecraft:coal":117,"minecraft:sunflower":4,"minecraft:ender_pearl":8,"ars_nouveau:magebloom_crop":9}},"DataVersion":3120}