{"stats":{"minecraft:picked_up":{"minecraft:stick":3,"minecraft:crafting_table":2,"byg:pink_allium":3,"born_in_chaos_v1:ethereal_spirit":1,"minecraft:oak_log":54,"byg:orchard_sapling":4,"born_in_chaos_v1:pieceofdarkmetal":2,"botania:black_mystical_flower":1,"minecraft:rotten_flesh":3,"minecraft:apple":39,"botania:light_gray_mystical_flower":1,"minecraft:wheat_seeds":6,"byg:blueberries":14,"minecraft:poppy":1,"minecraft:black_wool":1,"minecraft:oak_planks":3,"minecraft:cobblestone":12},"minecraft:crafted":{"minecraft:wooden_sword":1,"minecraft:oak_planks":48,"minecraft:crafting_table":1,"minecraft:stick":4,"minecraft:wooden_pickaxe":1,"minecraft:stone_pickaxe":1,"minecraft:wooden_axe":1},"minecraft:killed_by":{"grimoireofgaia:centaur":1},"minecraft:used":{"minecraft:wooden_axe":61,"byg:blueberries":26,"minecraft:apple":13,"minecraft:stone_pickaxe":9,"minecraft:oak_planks":36,"minecraft:wooden_pickaxe":3,"minecraft:wooden_sword":20,"minecraft:crafting_table":2},"minecraft:custom":{"minecraft:time_since_rest":30585,"minecraft:sprint_one_cm":102258,"minecraft:damage_taken":675,"minecraft:walk_one_cm":76828,"minecraft:mob_kills":3,"minecraft:drop":15,"minecraft:damage_dealt":514,"minecraft:damage_dealt_absorbed":21,"minecraft:interact_with_crafting_table":5,"minecraft:fly_one_cm":118056,"minecraft:crouch_one_cm":1054,"minecraft:play_time":37474,"minecraft:deaths":1,"minecraft:sneak_time":567,"minecraft:damage_dealt_resisted":40,"minecraft:jump":601,"minecraft:leave_game":1,"minecraft:time_since_death":31668,"minecraft:total_world_time":37474,"minecraft:fall_one_cm":9343},"minecraft:mined":{"byg:clover_patch":6,"byg:orchard_leaves":38,"minecraft:crafting_table":2,"minecraft:grass":56,"minecraft:oak_log":56,"byg:ripe_orchard_leaves":22,"byg:blueberry_bush":7,"minecraft:tall_grass":1,"byg:flowering_orchard_leaves":2,"minecraft:stone":12,"minecraft:oak_planks":3,"botania:light_gray_mystical_flower":1,"botania:black_mystical_flower":1,"byg:pink_allium":3},"minecraft:broken":{"minecraft:wooden_axe":1},"minecraft:killed":{"grimoireofgaia:cyan_flower":1,"born_in_chaos_v1:corpse_fly":3,"born_in_chaos_v1:maggot":2},"minecraft:dropped":{"minecraft:apple":15}},"DataVersion":3120}