{"stats":{"minecraft:used":{"minecraft:oak_log":5,"minecraft:wooden_axe":61,"byg:blueberries":26,"minecraft:apple":20,"minecraft:stone_pickaxe":9,"minecraft:oak_planks":39,"minecraft:wooden_pickaxe":7,"minecraft:wooden_sword":51,"minecraft:crafting_table":2},"minecraft:broken":{"minecraft:wooden_axe":1},"minecraft:picked_up":{"born_in_chaos_v1:corpse_maggot":2,"minecraft:stick":3,"minecraft:crafting_table":2,"byg:pink_allium":4,"born_in_chaos_v1:ethereal_spirit":1,"minecraft:oak_log":58,"byg:orchard_sapling":4,"born_in_chaos_v1:pieceofdarkmetal":2,"botania:black_mystical_flower":1,"minecraft:rotten_flesh":4,"minecraft:apple":43,"botania:light_gray_mystical_flower":1,"minecraft:wheat_seeds":23,"byg:blueberries":14,"minecraft:iron_nugget":1,"minecraft:poppy":1,"minecraft:black_wool":1,"minecraft:oak_planks":7,"minecraft:cobblestone":12},"minecraft:dropped":{"minecraft:oak_planks":2,"minecraft:apple":15},"minecraft:crafted":{"minecraft:wooden_sword":1,"minecraft:oak_planks":48,"minecraft:crafting_table":1,"minecraft:stick":4,"minecraft:wooden_pickaxe":1,"minecraft:stone_pickaxe":1,"minecraft:wooden_axe":1},"minecraft:custom":{"minecraft:time_since_rest":38327,"minecraft:sprint_one_cm":132637,"minecraft:damage_taken":915,"minecraft:walk_one_cm":92769,"minecraft:mob_kills":5,"minecraft:drop":17,"minecraft:damage_dealt":1006,"minecraft:damage_dealt_absorbed":21,"minecraft:interact_with_crafting_table":5,"minecraft:fly_one_cm":181168,"minecraft:crouch_one_cm":2301,"minecraft:play_time":45216,"tombstone:undead_killed":1,"minecraft:deaths":1,"minecraft:sneak_time":1649,"minecraft:damage_dealt_resisted":40,"minecraft:jump":834,"minecraft:leave_game":2,"minecraft:time_since_death":39410,"minecraft:total_world_time":45216,"minecraft:fall_one_cm":16644},"minecraft:mined":{"byg:clover_patch":10,"byg:orchard_leaves":42,"minecraft:crafting_table":2,"minecraft:grass":150,"minecraft:grass_block":2,"minecraft:oak_log":61,"byg:flower_patch":1,"minecraft:dirt":1,"byg:ripe_orchard_leaves":26,"byg:blueberry_bush":7,"byg:apple_fruit_block":3,"minecraft:tall_grass":1,"byg:flowering_orchard_leaves":4,"minecraft:stone":12,"minecraft:oak_planks":8,"botania:light_gray_mystical_flower":2,"botania:black_mystical_flower":1,"byg:pink_allium":3},"minecraft:killed_by":{"grimoireofgaia:centaur":1},"minecraft:killed":{"grimoireofgaia:cyan_flower":1,"minecraft:zombie":1,"born_in_chaos_v1:corpse_fly":3,"grimoireofgaia:werecat":1,"born_in_chaos_v1:maggot":3}},"DataVersion":3120}