{"stats":{"minecraft:broken":{"minecraft:stone_axe":1},"minecraft:used":{"minecraft:stone_sword":91,"minecraft:stone_pickaxe":98,"minecraft:oak_planks":15,"minecraft:wooden_pickaxe":12,"minecraft:torch":2,"minecraft:dirt":4,"minecraft:crafting_table":3,"minecraft:white_bed":6,"croptopia:orange":7,"minecraft:apple":7,"minecraft:oak_stairs":1,"minecraft:bread":7,"minecraft:iron_helmet":1,"minecraft:stone_axe":157,"minecraft:cobblestone":2,"minecraft:cooked_porkchop":3,"minecraft:experience_bottle":1},"minecraft:dropped":{"minecraft:bread":8,"minecraft:stone_axe":1,"evilcraft:condensed_blood":2,"minecraft:oak_planks":4,"minecraft:stripped_oak_log":2,"minecraft:torch":1,"minecraft:wooden_pickaxe":2,"minecraft:white_wool":1},"minecraft:custom":{"minecraft:mob_kills":55,"tombstone:raider_killed":1,"minecraft:interact_with_crafting_table":10,"minecraft:leave_game":2,"minecraft:time_since_death":77808,"minecraft:sleep_in_bed":5,"minecraft:climb_one_cm":637,"minecraft:time_since_rest":37056,"minecraft:waystone_activated":1,"minecraft:sprint_one_cm":258399,"minecraft:damage_taken":363,"minecraft:walk_one_cm":206705,"minecraft:drop":21,"minecraft:damage_dealt":5923,"minecraft:swim_one_cm":10297,"minecraft:fly_one_cm":260138,"minecraft:open_chest":6,"minecraft:crouch_one_cm":2393,"minecraft:play_time":77808,"tombstone:undead_killed":2,"minecraft:sneak_time":512,"minecraft:walk_under_water_one_cm":2222,"minecraft:jump":1378,"minecraft:walk_on_water_one_cm":3246,"minecraft:total_world_time":77808,"minecraft:interact_with_smoker":6,"minecraft:fall_one_cm":33845},"minecraft:picked_up":{"minecraft:stripped_oak_log":2,"minecraft:crafting_table":1,"minecraft:wheat":3,"croptopia:peach":5,"minecraft:yellow_wool":3,"minecraft:leather":27,"minecraft:wooden_pickaxe":1,"minecraft:oak_stairs":1,"minecraft:oak_log":47,"minecraft:yellow_bed":1,"minecraft:string":3,"minecraft:dirt":5,"minecraft:experience_bottle":1,"botania:magenta_mystical_flower":4,"minecraft:apple":23,"minecraft:wheat_seeds":18,"minecraft:beef":43,"minecraft:oak_planks":3,"minecraft:book":12,"minecraft:stick":3,"croptopia:barley_seed":1,"minecraft:porkchop":12,"minecraft:white_bed":5,"minecraft:spider_eye":2,"botania:white_mystical_flower":1,"minecraft:stone_axe":1,"minecraft:iron_helmet":1,"croptopia:orange":8,"minecraft:hay_block":17,"minecraft:emerald":1,"minecraft:gray_wool":1,"evilcraft:condensed_blood":2,"minecraft:coal":30,"minecraft:mutton":30,"botania:magenta_double_flower":1,"minecraft:white_wool":23,"minecraft:cobblestone":72,"minecraft:sunflower":2},"minecraft:killed":{"minecraft:pig":6,"minecraft:witch":1,"minecraft:spider":2,"minecraft:sheep":21,"minecraft:zombie":2,"minecraft:cow":23},"minecraft:mined":{"ars_elemental:yellow_archwood_leaves":15,"minecraft:white_bed":5,"croptopia:orange_crop":7,"minecraft:crafting_table":1,"minecraft:grass_block":2,"minecraft:tall_grass":1,"minecraft:cobblestone":1,"minecraft:oak_planks":3,"minecraft:large_fern":1,"minecraft:hay_block":16,"botania:magenta_mystical_flower":4,"minecraft:yellow_wool":3,"byg:prairie_grass":38,"minecraft:yellow_bed":1,"croptopia:peach_crop":1,"minecraft:coal_ore":29,"minecraft:grass":13,"minecraft:bookshelf":4,"botania:white_mystical_flower":1,"minecraft:oak_log":47,"minecraft:sunflower":3,"minecraft:dirt":4,"minecraft:stripped_oak_log":1,"byg:tall_allium":1,"minecraft:cake":1,"minecraft:stone":73,"byg:tall_prairie_grass":70,"minecraft:white_wool":3,"botania:magenta_double_flower":1,"minecraft:oak_leaves":10},"minecraft:crafted":{"minecraft:oak_planks":52,"minecraft:cooked_porkchop":7,"minecraft:crafting_table":3,"minecraft:wooden_pickaxe":1,"minecraft:stone_axe":2,"minecraft:air":0,"minecraft:bread":12,"botania:white_petal":2,"minecraft:stick":20,"minecraft:stone_pickaxe":1,"minecraft:stone_sword":1,"minecraft:white_bed":1,"minecraft:torch":12,"croptopia:guide":1,"minecraft:wheat":36}},"DataVersion":3120}