{
  "ars_nouveau:recipes/ars_nouveau/alchemical_sourcelink": {
    "criteria": {
      "has_journal": "2024-06-10 20:35:10 +0000"
    },
    "done": true
  },
  "ars_nouveau:recipes/ars_nouveau/red_archwood_wood": {
    "criteria": {
      "has_journal": "2024-06-10 20:35:10 +0000"
    },
    "done": true
  },
  "ars_elemental:recipes/ars_nouveau/tablet_ritual_tesla_coil": {
    "criteria": {
      "has_journal": "2024-06-10 20:35:10 +0000"
    },
    "done": true
  },
  "ars_nouveau:recipes/ars_nouveau/smooth_sourcestone_stairs": {
    "criteria": {
      "has_journal": "2024-06-10 20:35:10 +0000"
    },
    "done": true
  },
  "ars_nouveau:recipes/ars_nouveau/sourcestone_9": {
    "criteria": {
      "has_journal": "2024-06-10 20:35:10 +0000"
    },
    "done": true
  },
  "ars_nouveau:recipes/ars_nouveau/source_berry_roll": {
    "criteria": {
      "has_journal": "2024-06-10 20:35:10 +0000"
    },
    "done": true
  },
  "ars_nouveau:recipes/ars_nouveau/sourcestone_8": {
    "criteria": {
      "has_journal": "2024-06-10 20:35:10 +0000"
    },
    "done": true
  },
  "minecraft:recipes/building_blocks/deepslate_tile_slab_from_polished_deepslate_stonecutting": {
    "criteria": {
      "has_polished_deepslate": "2024-06-10 20:36:09 +0000"
    },
    "done": true
  },
  "ars_nouveau:recipes/ars_nouveau/sourcestone_7": {
    "criteria": {
      "has_journal": "2024-06-10 20:35:10 +0000"
    },
    "done": true
  },
  "ars_nouveau:recipes/ars_nouveau/sourcestone_6": {
    "criteria": {
      "has_journal": "2024-06-10 20:35:10 +0000"
    },
    "done": true
  },
  "ars_nouveau:recipes/ars_nouveau/sourcestone_20": {
    "criteria": {
      "has_journal": "2024-06-10 20:35:10 +0000"
    },
    "done": true
  },
  "ars_nouveau:recipes/ars_nouveau/sourcestone_5": {
    "criteria": {
      "has_journal": "2024-06-10 20:35:10 +0000"
    },
    "done": true
  },
  "ars_nouveau:recipes/ars_nouveau/ritual_conjure_island_plains": {
    "criteria": {
      "has_journal": "2024-06-10 20:35:10 +0000"
    },
    "done": true
  },
  "ars_nouveau:recipes/ars_nouveau/sourcestone_21": {
    "criteria": {
      "has_journal": "2024-06-10 20:35:10 +0000"
    },
    "done": true
  },
  "ars_nouveau:recipes/ars_nouveau/stripped_red_archwood_wood": {
    "criteria": {
      "has_journal": "2024-06-10 20:35:10 +0000"
    },
    "done": true
  },
  "ars_nouveau:recipes/ars_nouveau/sourcestone_4": {
    "criteria": {
      "has_journal": "2024-06-10 20:35:10 +0000"
    },
    "done": true
  },
  "ars_nouveau:recipes/ars_nouveau/sourcestone_3": {
    "criteria": {
      "has_journal": "2024-06-10 20:35:10 +0000"
    },
    "done": true
  },
  "ars_nouveau:recipes/ars_nouveau/sourcestone_2": {
    "criteria": {
      "has_journal": "2024-06-10 20:35:10 +0000"
    },
    "done": true
  },
  "ars_nouveau:recipes/ars_nouveau/sourcestone_1": {
    "criteria": {
      "has_journal": "2024-06-10 20:35:10 +0000"
    },
    "done": true
  },
  "ars_nouveau:recipes/ars_nouveau/ritual_disintegration": {
    "criteria": {
      "has_journal": "2024-06-10 20:35:10 +0000"
    },
    "done": true
  },
  "ars_nouveau:recipes/ars_nouveau/smooth_sourcestone_alternating_stonecutter_stair": {
    "criteria": {
      "has_journal": "2024-06-10 20:35:10 +0000"
    },
    "done": true
  },
  "ars_nouveau:recipes/ars_nouveau/sourcestone_17": {
    "criteria": {
      "has_journal": "2024-06-10 20:35:10 +0000"
    },
    "done": true
  },
  "tconstruct:tools/materials_and_you": {
    "criteria": {
      "crafted_book": "2024-06-10 20:35:11 +0000"
    },
    "done": true
  },
  "ars_nouveau:recipes/ars_nouveau/sky_block": {
    "criteria": {
      "has_journal": "2024-06-10 20:35:10 +0000"
    },
    "done": true
  },
  "ars_nouveau:recipes/ars_nouveau/sourcestone_18": {
    "criteria": {
      "has_journal": "2024-06-10 20:35:10 +0000"
    },
    "done": true
  },
  "tconstruct:internal/starting_book": {
    "criteria": {
      "tick": "2024-06-10 20:35:11 +0000"
    },
    "done": true
  },
  "ars_nouveau:recipes/ars_nouveau/sourcestone_19": {
    "criteria": {
      "has_journal": "2024-06-10 20:35:10 +0000"
    },
    "done": true
  },
  "ars_nouveau:recipes/building_blocks/manipulation_essence_to_calcite": {
    "criteria": {
      "has_journal": "2024-06-10 20:35:10 +0000"
    },
    "done": true
  },
  "ars_nouveau:recipes/ars_nouveau/ritual_challenge": {
    "criteria": {
      "has_journal": "2024-06-10 20:35:10 +0000"
    },
    "done": true
  },
  "ars_nouveau:recipes/ars_nouveau/lava_lily": {
    "criteria": {
      "has_journal": "2024-06-10 20:35:10 +0000"
    },
    "done": true
  },
  "ars_nouveau:recipes/misc/sourceberry_to_purple": {
    "criteria": {
      "has_journal": "2024-06-10 20:35:10 +0000"
    },
    "done": true
  },
  "ars_nouveau:recipes/ars_nouveau/allow_scroll": {
    "criteria": {
      "has_journal": "2024-06-10 20:35:10 +0000"
    },
    "done": true
  },
  "ars_nouveau:recipes/ars_nouveau/stripped_purple_archwood_wood": {
    "criteria": {
      "has_journal": "2024-06-10 20:35:10 +0000"
    },
    "done": true
  },
  "ars_nouveau:recipes/ars_nouveau/falseweave": {
    "criteria": {
      "has_journal": "2024-06-10 20:35:10 +0000"
    },
    "done": true
  },
  "ars_nouveau:recipes/ars_nouveau/mundane_belt": {
    "criteria": {
      "has_journal": "2024-06-10 20:35:10 +0000"
    },
    "done": true
  },
  "minecraft:recipes/building_blocks/diorite_slab_from_diorite_stonecutting": {
    "criteria": {
      "has_diorite": "2024-06-10 20:36:06 +0000"
    },
    "done": true
  },
  "minecraft:recipes/decorations/deepslate_brick_wall_from_polished_deepslate_stonecutting": {
    "criteria": {
      "has_polished_deepslate": "2024-06-10 20:36:09 +0000"
    },
    "done": true
  },
  "ars_nouveau:recipes/ars_nouveau/green_sbed": {
    "criteria": {
      "has_journal": "2024-06-10 20:35:10 +0000"
    },
    "done": true
  },
  "ars_nouveau:recipes/ars_nouveau/gilded_sourcestone_small_bricks_slab": {
    "criteria": {
      "has_journal": "2024-06-10 20:35:10 +0000"
    },
    "done": true
  },
  "ars_nouveau:recipes/ars_nouveau/archwood_fence_gate": {
    "criteria": {
      "has_journal": "2024-06-10 20:35:10 +0000"
    },
    "done": true
  },
  "ars_nouveau:recipes/ars_nouveau/smooth_gilded_sourcestone_small_bricks_stone_cutterslab": {
    "criteria": {
      "has_journal": "2024-06-10 20:35:10 +0000"
    },
    "done": true
  },
  "ars_nouveau:recipes/ars_nouveau/sourcestone_mosaic_stairs": {
    "criteria": {
      "has_journal": "2024-06-10 20:35:10 +0000"
    },
    "done": true
  },
  "ars_nouveau:recipes/ars_nouveau/sunrise_2": {
    "criteria": {
      "has_journal": "2024-06-10 20:35:10 +0000"
    },
    "done": true
  },
  "ars_nouveau:recipes/ars_nouveau/sourcestone_alternating_stonecutter_stair": {
    "criteria": {
      "has_journal": "2024-06-10 20:35:10 +0000"
    },
    "done": true
  },
  "ars_nouveau:recipes/ars_nouveau/volcanic_sourcelink": {
    "criteria": {
      "has_journal": "2024-06-10 20:35:10 +0000"
    },
    "done": true
  },
  "ars_nouveau:recipes/ars_nouveau/ritual_cloudshaping": {
    "criteria": {
      "has_journal": "2024-06-10 20:35:10 +0000"
    },
    "done": true
  },
  "ars_nouveau:recipes/ars_nouveau/smooth_gilded_sourcestone_mosaic_to_sourcestone": {
    "criteria": {
      "has_journal": "2024-06-10 20:35:10 +0000"
    },
    "done": true
  },
  "mcwlights:recipes/tiki_torches": {
    "criteria": {
      "has_wood": "2024-06-10 20:54:53 +0000"
    },
    "done": true
  },
  "ars_nouveau:recipes/ars_nouveau/smooth_sourcestone_basketweave_stairs": {
    "criteria": {
      "has_journal": "2024-06-10 20:35:10 +0000"
    },
    "done": true
  },
  "ars_nouveau:recipes/ars_nouveau/blue_sbed": {
    "criteria": {
      "has_journal": "2024-06-10 20:35:10 +0000"
    },
    "done": true
  },
  "ars_nouveau:recipes/ars_nouveau/gilded_sourcestone_basketweave_to_sourcestone": {
    "criteria": {
      "has_journal": "2024-06-10 20:35:10 +0000"
    },
    "done": true
  },
  "ars_nouveau:recipes/ars_nouveau/ring_of_potential": {
    "criteria": {
      "has_journal": "2024-06-10 20:35:10 +0000"
    },
    "done": true
  },
  "ars_nouveau:recipes/ars_nouveau/scribes_table": {
    "criteria": {
      "has_journal": "2024-06-10 20:35:10 +0000"
    },
    "done": true
  },
  "ars_nouveau:recipes/ars_nouveau/sourcestone_alternating_stairs": {
    "criteria": {
      "has_journal": "2024-06-10 20:35:10 +0000"
    },
    "done": true
  },
  "ars_nouveau:recipes/ars_nouveau/smooth_gilded_sourcestone_mosaic_stone_cutterslab": {
    "criteria": {
      "has_journal": "2024-06-10 20:35:10 +0000"
    },
    "done": true
  },
  "ars_nouveau:recipes/ars_nouveau/smooth_gilded_sourcestone_small_bricks_slab": {
    "criteria": {
      "has_journal": "2024-06-10 20:35:10 +0000"
    },
    "done": true
  },
  "ars_nouveau:recipes/building_blocks/conjuration_essence_to_soul_sand": {
    "criteria": {
      "has_journal": "2024-06-10 20:35:10 +0000"
    },
    "done": true
  },
  "ars_nouveau:recipes/ars_nouveau/ritual_containment": {
    "criteria": {
      "has_journal": "2024-06-10 20:35:10 +0000"
    },
    "done": true
  },
  "ars_nouveau:recipes/ars_nouveau/archwood_fence": {
    "criteria": {
      "has_journal": "2024-06-10 20:35:10 +0000"
    },
    "done": true
  },
  "ars_nouveau:recipes/ars_nouveau/arcane_core": {
    "criteria": {
      "has_journal": "2024-06-10 20:35:10 +0000"
    },
    "done": true
  },
  "ars_nouveau:recipes/ars_nouveau/smooth_sourcestone_large_bricks_stairs": {
    "criteria": {
      "has_journal": "2024-06-10 20:35:10 +0000"
    },
    "done": true
  },
  "ars_nouveau:recipes/ars_nouveau/smooth_sourcestone_basketweave_stonecutter_stair": {
    "criteria": {
      "has_journal": "2024-06-10 20:35:10 +0000"
    },
    "done": true
  },
  "ars_nouveau:recipes/misc/water_essence_to_bucket": {
    "criteria": {
      "has_journal": "2024-06-10 20:35:10 +0000"
    },
    "done": true
  },
  "tombstone:recipes/from_grave_key": {
    "criteria": {
      "has_ingredient": "2024-06-10 20:38:08 +0000"
    },
    "done": true
  },
  "ars_nouveau:recipes/ars_nouveau/gilded_sourcestone_basketweave_stonecutter_stair": {
    "criteria": {
      "has_journal": "2024-06-10 20:35:10 +0000"
    },
    "done": true
  },
  "ars_nouveau:recipes/ars_nouveau/stripped_blue_archwood_wood": {
    "criteria": {
      "has_journal": "2024-06-10 20:35:10 +0000"
    },
    "done": true
  },
  "ars_nouveau:recipes/ars_nouveau/starbuncle_shades": {
    "criteria": {
      "has_journal": "2024-06-10 20:35:10 +0000"
    },
    "done": true
  },
  "ars_nouveau:recipes/ars_nouveau/purple_archwood_wood": {
    "criteria": {
      "has_journal": "2024-06-10 20:35:10 +0000"
    },
    "done": true
  },
  "minecraft:recipes/building_blocks/diorite_slab": {
    "criteria": {
      "has_diorite": "2024-06-10 20:36:06 +0000"
    },
    "done": true
  },
  "ars_nouveau:recipes/ars_nouveau/manipulation_essence_to_blazin_sapling": {
    "criteria": {
      "has_journal": "2024-06-10 20:35:10 +0000"
    },
    "done": true
  },
  "minecraft:recipes/building_blocks/deepslate_tiles_from_polished_deepslate_stonecutting": {
    "criteria": {
      "has_polished_deepslate": "2024-06-10 20:36:09 +0000"
    },
    "done": true
  },
  "ars_nouveau:recipes/ars_nouveau/dull_trinket": {
    "criteria": {
      "has_journal": "2024-06-10 20:35:10 +0000"
    },
    "done": true
  },
  "ars_nouveau:recipes/building_blocks/manipulation_essence_to_andesite": {
    "criteria": {
      "has_journal": "2024-06-10 20:35:10 +0000"
    },
    "done": true
  },
  "minecraft:recipes/building_blocks/polished_deepslate_slab_from_polished_deepslate_stonecutting": {
    "criteria": {
      "has_polished_deepslate": "2024-06-10 20:36:09 +0000"
    },
    "done": true
  },
  "ars_nouveau:recipes/ars_nouveau/sourcestone_basketweave_stonecutter_stair": {
    "criteria": {
      "has_journal": "2024-06-10 20:35:10 +0000"
    },
    "done": true
  },
  "ars_nouveau:recipes/ars_nouveau/sourcestone_10": {
    "criteria": {
      "has_journal": "2024-06-10 20:35:10 +0000"
    },
    "done": true
  },
  "ars_nouveau:recipes/building_blocks/manipulation_essence_to_mycelium": {
    "criteria": {
      "has_journal": "2024-06-10 20:35:10 +0000"
    },
    "done": true
  },
  "minecraft:recipes/building_blocks/deepslate_brick_slab_from_polished_deepslate_stonecutting": {
    "criteria": {
      "has_polished_deepslate": "2024-06-10 20:36:09 +0000"
    },
    "done": true
  },
  "ars_nouveau:recipes/ars_nouveau/sourcestone_11": {
    "criteria": {
      "has_journal": "2024-06-10 20:35:10 +0000"
    },
    "done": true
  },
  "ars_nouveau:recipes/ars_nouveau/sourcestone_12": {
    "criteria": {
      "has_journal": "2024-06-10 20:35:10 +0000"
    },
    "done": true
  },
  "mcwbridges:recipes/diorite_bridge_stair": {
    "criteria": {
      "has_planks": "2024-06-10 20:36:06 +0000"
    },
    "done": true
  },
  "ars_nouveau:recipes/ars_nouveau/sourcestone_13": {
    "criteria": {
      "has_journal": "2024-06-10 20:35:10 +0000"
    },
    "done": true
  },
  "ars_nouveau:recipes/ars_nouveau/sourcestone_14": {
    "criteria": {
      "has_journal": "2024-06-10 20:35:10 +0000"
    },
    "done": true
  },
  "ars_nouveau:recipes/ars_nouveau/sourcestone_15": {
    "criteria": {
      "has_journal": "2024-06-10 20:35:10 +0000"
    },
    "done": true
  },
  "ars_nouveau:recipes/ars_nouveau/sourcestone_16": {
    "criteria": {
      "has_journal": "2024-06-10 20:35:10 +0000"
    },
    "done": true
  },
  "tombstone:adventure/first_grave": {
    "criteria": {
      "coded_trigger": "2024-06-10 20:38:07 +0000"
    },
    "done": true
  },
  "ars_nouveau:recipes/ars_nouveau/archwood_planks": {
    "criteria": {
      "has_journal": "2024-06-10 20:35:10 +0000"
    },
    "done": true
  },
  "ars_nouveau:recipes/ars_nouveau/orange_sbed": {
    "criteria": {
      "has_journal": "2024-06-10 20:35:10 +0000"
    },
    "done": true
  },
  "minecraft:recipes/building_blocks/polished_diorite_slab_from_diorite_stonecutting": {
    "criteria": {
      "has_diorite": "2024-06-10 20:36:06 +0000"
    },
    "done": true
  },
  "ars_nouveau:recipes/ars_nouveau/repository": {
    "criteria": {
      "has_journal": "2024-06-10 20:35:10 +0000"
    },
    "done": true
  },
  "ars_nouveau:recipes/ars_nouveau/potion_diffuser": {
    "criteria": {
      "has_journal": "2024-06-10 20:35:10 +0000"
    },
    "done": true
  },
  "ars_nouveau:recipes/ars_nouveau/ritual_flowering": {
    "criteria": {
      "has_journal": "2024-06-10 20:35:10 +0000"
    },
    "done": true
  },
  "ars_nouveau:recipes/ars_nouveau/mycelial_sourcelink": {
    "criteria": {
      "has_journal": "2024-06-10 20:35:10 +0000"
    },
    "done": true
  },
  "ars_nouveau:recipes/ars_nouveau/ritual_fertility": {
    "criteria": {
      "has_journal": "2024-06-10 20:35:10 +0000"
    },
    "done": true
  },
  "ars_nouveau:recipes/ars_nouveau/yellow_sbed": {
    "criteria": {
      "has_journal": "2024-06-10 20:35:10 +0000"
    },
    "done": true
  },
  "ars_nouveau:recipes/ars_nouveau/platform_to_pedestal": {
    "criteria": {
      "has_journal": "2024-06-10 20:35:10 +0000"
    },
    "done": true
  },
  "storagedrawers:recipes/storagedrawers/birch_trim": {
    "criteria": {
      "has_planks": "2024-06-10 20:35:10 +0000"
    },
    "done": true
  },
  "ars_nouveau:recipes/ars_nouveau/gilded_sourcestone_mosaic_slab": {
    "criteria": {
      "has_journal": "2024-06-10 20:35:10 +0000"
    },
    "done": true
  },
  "ars_nouveau:recipes/ars_nouveau/item_detector": {
    "criteria": {
      "has_journal": "2024-06-10 20:35:10 +0000"
    },
    "done": true
  },
  "ars_nouveau:recipes/ars_nouveau/smooth_sourcestone_mosaic_stone_cutterslab": {
    "criteria": {
      "has_journal": "2024-06-10 20:35:10 +0000"
    },
    "done": true
  },
  "minecraft:recipes/decorations/diorite_wall_from_diorite_stonecutting": {
    "criteria": {
      "has_diorite": "2024-06-10 20:36:06 +0000"
    },
    "done": true
  },
  "ars_nouveau:recipes/ars_nouveau/gilded_sourcestone_small_bricks_stairs": {
    "criteria": {
      "has_journal": "2024-06-10 20:35:10 +0000"
    },
    "done": true
  },
  "ars_nouveau:recipes/ars_nouveau/sourcestone_basketweave_stone_cutterslab": {
    "criteria": {
      "has_journal": "2024-06-10 20:35:10 +0000"
    },
    "done": true
  },
  "ars_nouveau:recipes/ars_nouveau/gilded_sourcestone_basketweave_stairs": {
    "criteria": {
      "has_journal": "2024-06-10 20:35:10 +0000"
    },
    "done": true
  },
  "ars_nouveau:recipes/ars_nouveau/sourcestone_large_bricks_stone_cutterslab": {
    "criteria": {
      "has_journal": "2024-06-10 20:35:10 +0000"
    },
    "done": true
  },
  "ars_nouveau:recipes/ars_nouveau/sconce": {
    "criteria": {
      "has_journal": "2024-06-10 20:35:10 +0000"
    },
    "done": true
  },
  "minecraft:story/mine_stone": {
    "criteria": {
      "get_stone": "2024-06-10 20:36:06 +0000"
    },
    "done": true
  },
  "minecraft:recipes/decorations/furnace": {
    "criteria": {
      "has_cobblestone": "2024-06-10 20:36:06 +0000"
    },
    "done": true
  },
  "ars_nouveau:recipes/ars_nouveau/smooth_sourcestone_mosaic_slab": {
    "criteria": {
      "has_journal": "2024-06-10 20:35:10 +0000"
    },
    "done": true
  },
  "ars_nouveau:recipes/ars_nouveau/sourcestone_small_bricks_stonecutter_stair": {
    "criteria": {
      "has_journal": "2024-06-10 20:35:10 +0000"
    },
    "done": true
  },
  "ars_nouveau:recipes/ars_nouveau/smooth_sourcestone_small_bricks_stonecutter_stair": {
    "criteria": {
      "has_journal": "2024-06-10 20:35:10 +0000"
    },
    "done": true
  },
  "ars_nouveau:recipes/ars_nouveau/magebloom_block_to_magebloom": {
    "criteria": {
      "has_journal": "2024-06-10 20:35:10 +0000"
    },
    "done": true
  },
  "ars_nouveau:recipes/building_blocks/manipulation_essence_to_diorite": {
    "criteria": {
      "has_journal": "2024-06-10 20:35:10 +0000"
    },
    "done": true
  },
  "ars_elemental:recipes/ars_nouveau/tablet_ritual_attraction": {
    "criteria": {
      "has_journal": "2024-06-10 20:35:10 +0000"
    },
    "done": true
  },
  "ars_nouveau:recipes/ars_nouveau/ritual_wilden_summon": {
    "criteria": {
      "has_journal": "2024-06-10 20:35:10 +0000"
    },
    "done": true
  },
  "ars_nouveau:root": {
    "criteria": {
      "ars_nouveau:worn_notebook": "2024-06-10 20:35:10 +0000"
    },
    "done": true
  },
  "minecraft:recipes/building_blocks/deepslate_tile_stairs_from_polished_deepslate_stonecutting": {
    "criteria": {
      "has_polished_deepslate": "2024-06-10 20:36:09 +0000"
    },
    "done": true
  },
  "ars_nouveau:recipes/ars_nouveau/blue_archwood_wood": {
    "criteria": {
      "has_journal": "2024-06-10 20:35:10 +0000"
    },
    "done": true
  },
  "ars_nouveau:recipes/ars_nouveau/sourcestone_mosaic_stonecutter_stair": {
    "criteria": {
      "has_journal": "2024-06-10 20:35:10 +0000"
    },
    "done": true
  },
  "ars_nouveau:recipes/ars_nouveau/greater_experience_gem": {
    "criteria": {
      "has_journal": "2024-06-10 20:35:10 +0000"
    },
    "done": true
  },
  "ars_nouveau:recipes/ars_nouveau/end_fiber": {
    "criteria": {
      "has_journal": "2024-06-10 20:35:10 +0000"
    },
    "done": true
  },
  "ars_nouveau:recipes/ars_nouveau/ritual_sunrise": {
    "criteria": {
      "has_journal": "2024-06-10 20:35:10 +0000"
    },
    "done": true
  },
  "storagedrawers:recipes/storagedrawers/min_redstone_upgrade": {
    "criteria": {
      "has_template": "2024-06-10 20:35:10 +0000"
    },
    "done": true
  },
  "ars_nouveau:recipes/ars_nouveau/deny_scroll": {
    "criteria": {
      "has_journal": "2024-06-10 20:35:10 +0000"
    },
    "done": true
  },
  "ars_nouveau:recipes/ars_nouveau/smooth_sourcestone_small_bricks_stairs": {
    "criteria": {
      "has_journal": "2024-06-10 20:35:10 +0000"
    },
    "done": true
  },
  "ars_nouveau:recipes/ars_nouveau/rotating_spell_turret": {
    "criteria": {
      "has_journal": "2024-06-10 20:35:10 +0000"
    },
    "done": true
  },
  "storagedrawers:recipes/storagedrawers/void_upgrade": {
    "criteria": {
      "has_template": "2024-06-10 20:35:10 +0000"
    },
    "done": true
  },
  "ars_nouveau:recipes/ars_nouveau/ritual_restoration": {
    "criteria": {
      "has_journal": "2024-06-10 20:35:10 +0000"
    },
    "done": true
  },
  "ars_nouveau:recipes/ars_nouveau/wipe_starby_shard": {
    "criteria": {
      "has_journal": "2024-06-10 20:35:10 +0000"
    },
    "done": true
  },
  "ars_nouveau:recipes/ars_nouveau/blank_parchment": {
    "criteria": {
      "has_journal": "2024-06-10 20:35:10 +0000"
    },
    "done": true
  },
  "ars_nouveau:recipes/ars_nouveau/sourcestone_small_bricks_slab": {
    "criteria": {
      "has_journal": "2024-06-10 20:35:10 +0000"
    },
    "done": true
  },
  "ars_nouveau:recipes/ars_nouveau/warp_scroll": {
    "criteria": {
      "has_journal": "2024-06-10 20:35:10 +0000"
    },
    "done": true
  },
  "ars_nouveau:recipes/decorations/manipulation_essence_to_moss_block": {
    "criteria": {
      "has_journal": "2024-06-10 20:35:10 +0000"
    },
    "done": true
  },
  "storagedrawers:recipes/storagedrawers/warped_trim": {
    "criteria": {
      "has_planks": "2024-06-10 20:35:10 +0000"
    },
    "done": true
  },
  "ars_nouveau:recipes/ars_nouveau/agronomic_sourcelink": {
    "criteria": {
      "has_journal": "2024-06-10 20:35:10 +0000"
    },
    "done": true
  },
  "ars_nouveau:recipes/ars_nouveau/annotated_codex": {
    "criteria": {
      "has_journal": "2024-06-10 20:35:10 +0000"
    },
    "done": true
  },
  "ars_nouveau:recipes/ars_nouveau/smooth_sourcestone_large_bricks_stone_cutterslab": {
    "criteria": {
      "has_journal": "2024-06-10 20:35:10 +0000"
    },
    "done": true
  },
  "ars_nouveau:recipes/ars_nouveau/gilded_sourcestone_large_bricks_to_sourcestone": {
    "criteria": {
      "has_journal": "2024-06-10 20:35:10 +0000"
    },
    "done": true
  },
  "minecraft:recipes/decorations/polished_deepslate_wall": {
    "criteria": {
      "has_polished_deepslate": "2024-06-10 20:36:09 +0000"
    },
    "done": true
  },
  "ars_nouveau:recipes/ars_nouveau/archwood_chest": {
    "criteria": {
      "has_journal": "2024-06-10 20:35:10 +0000"
    },
    "done": true
  },
  "ars_nouveau:recipes/misc/fire_essence_to_charge": {
    "criteria": {
      "has_journal": "2024-06-10 20:35:10 +0000"
    },
    "done": true
  },
  "minecraft:recipes/tools/stone_hoe": {
    "criteria": {
      "has_cobblestone": "2024-06-10 20:36:06 +0000"
    },
    "done": true
  },
  "ars_nouveau:recipes/ars_nouveau/ritual_sanctuary": {
    "criteria": {
      "has_journal": "2024-06-10 20:35:10 +0000"
    },
    "done": true
  },
  "ars_nouveau:recipes/ars_nouveau/smooth_sourcestone_basketweave_to_sourcestone": {
    "criteria": {
      "has_journal": "2024-06-10 20:35:10 +0000"
    },
    "done": true
  },
  "storagedrawers:recipes/storagedrawers/illumination_upgrade": {
    "criteria": {
      "has_template": "2024-06-10 20:35:10 +0000"
    },
    "done": true
  },
  "ars_nouveau:recipes/ars_nouveau/ritual_awakening": {
    "criteria": {
      "has_journal": "2024-06-10 20:35:10 +0000"
    },
    "done": true
  },
  "ars_nouveau:recipes/misc/spike_to_dye": {
    "criteria": {
      "has_journal": "2024-06-10 20:35:10 +0000"
    },
    "done": true
  },
  "ars_nouveau:recipes/ars_nouveau/ghostweave": {
    "criteria": {
      "has_journal": "2024-06-10 20:35:10 +0000"
    },
    "done": true
  },
  "ars_nouveau:recipes/ars_nouveau/smooth_sourcestone_large_bricks_stonecutter_stair": {
    "criteria": {
      "has_journal": "2024-06-10 20:35:10 +0000"
    },
    "done": true
  },
  "ars_nouveau:recipes/ars_nouveau/gilded_sourcestone_alternating_slab": {
    "criteria": {
      "has_journal": "2024-06-10 20:35:10 +0000"
    },
    "done": true
  },
  "ars_nouveau:recipes/ars_nouveau/smooth_gilded_sourcestone_alternating_stonecutter_stair": {
    "criteria": {
      "has_journal": "2024-06-10 20:35:10 +0000"
    },
    "done": true
  },
  "ars_nouveau:recipes/ars_nouveau/gilded_sourcestone_mosaic_to_sourcestone": {
    "criteria": {
      "has_journal": "2024-06-10 20:35:10 +0000"
    },
    "done": true
  },
  "ars_nouveau:recipes/ars_nouveau/sourcestone_basketweave_slab": {
    "criteria": {
      "has_journal": "2024-06-10 20:35:10 +0000"
    },
    "done": true
  },
  "ars_nouveau:recipes/ars_nouveau/smooth_gilded_sourcestone_mosaic_stonecutter_stair": {
    "criteria": {
      "has_journal": "2024-06-10 20:35:10 +0000"
    },
    "done": true
  },
  "ars_nouveau:recipes/ars_nouveau/manipulation_essence_to_vexing_sapling": {
    "criteria": {
      "has_journal": "2024-06-10 20:35:10 +0000"
    },
    "done": true
  },
  "ars_nouveau:recipes/ars_nouveau/sourcestone": {
    "criteria": {
      "has_journal": "2024-06-10 20:35:10 +0000"
    },
    "done": true
  },
  "ars_elemental:recipes/ars_nouveau/tablet_ritual_squirrels": {
    "criteria": {
      "has_journal": "2024-06-10 20:35:10 +0000"
    },
    "done": true
  },
  "storagedrawers:recipes/storagedrawers/redstone_upgrade": {
    "criteria": {
      "has_template": "2024-06-10 20:35:10 +0000"
    },
    "done": true
  },
  "minecraft:recipes/building_blocks/deepslate_bricks": {
    "criteria": {
      "has_polished_deepslate": "2024-06-10 20:36:09 +0000"
    },
    "done": true
  },
  "ars_nouveau:recipes/ars_nouveau/wixie_hat": {
    "criteria": {
      "has_journal": "2024-06-10 20:35:10 +0000"
    },
    "done": true
  },
  "ars_nouveau:recipes/ars_nouveau/gilded_sourcestone_alternating_stonecutter_stair": {
    "criteria": {
      "has_journal": "2024-06-10 20:35:10 +0000"
    },
    "done": true
  },
  "ars_nouveau:recipes/ars_nouveau/smooth_gilded_sourcestone_basketweave_stairs": {
    "criteria": {
      "has_journal": "2024-06-10 20:35:10 +0000"
    },
    "done": true
  },
  "ars_nouveau:recipes/ars_nouveau/void_prism": {
    "criteria": {
      "has_journal": "2024-06-10 20:35:10 +0000"
    },
    "done": true
  },
  "totw_modded:root": {
    "criteria": {
      "sample_trigger": "2024-06-10 20:35:10 +0000"
    },
    "done": true
  },
  "mcwwindows:recipes/diorite": {
    "criteria": {
      "has_wood": "2024-06-10 20:36:06 +0000"
    },
    "done": true
  },
  "ars_elemental:recipes/ars_nouveau/flight_alt": {
    "criteria": {
      "has_journal": "2024-06-10 20:35:10 +0000"
    },
    "done": true
  },
  "ars_nouveau:recipes/ars_nouveau/ritual_binding": {
    "criteria": {
      "has_journal": "2024-06-10 20:35:10 +0000"
    },
    "done": true
  },
  "ars_nouveau:recipes/ars_nouveau/potion_jar_empty": {
    "criteria": {
      "has_journal": "2024-06-10 20:35:10 +0000"
    },
    "done": true
  },
  "ars_nouveau:recipes/ars_nouveau/sourcestone_mosaic_to_sourcestone": {
    "criteria": {
      "has_journal": "2024-06-10 20:35:10 +0000"
    },
    "done": true
  },
  "ars_nouveau:recipes/ars_nouveau/red_sbed": {
    "criteria": {
      "has_journal": "2024-06-10 20:35:10 +0000"
    },
    "done": true
  },
  "storagedrawers:recipes/storagedrawers/diamond_storage_upgrade": {
    "criteria": {
      "has_template": "2024-06-10 20:35:10 +0000"
    },
    "done": true
  },
  "storagedrawers:recipes/storagedrawers/concealment_key": {
    "criteria": {
      "has_template": "2024-06-10 20:35:10 +0000"
    },
    "done": true
  },
  "storagedrawers:recipes/storagedrawers/spruce_trim": {
    "criteria": {
      "has_planks": "2024-06-10 20:35:10 +0000"
    },
    "done": true
  },
  "storagedrawers:recipes/storagedrawers/iron_storage_upgrade": {
    "criteria": {
      "has_template": "2024-06-10 20:35:10 +0000"
    },
    "done": true
  },
  "storagedrawers:recipes/storagedrawers/jungle_trim": {
    "criteria": {
      "has_planks": "2024-06-10 20:35:10 +0000"
    },
    "done": true
  },
  "ars_nouveau:recipes/ars_nouveau/sourcestone_large_bricks_stonecutter_stair": {
    "criteria": {
      "has_journal": "2024-06-10 20:35:10 +0000"
    },
    "done": true
  },
  "supplementaries:adventure/way_sign": {
    "criteria": {
      "bastion": "2024-06-10 20:36:46 +0000"
    },
    "done": true
  },
  "ars_nouveau:recipes/misc/magebloom_to_pink": {
    "criteria": {
      "has_journal": "2024-06-10 20:35:10 +0000"
    },
    "done": true
  },
  "ars_nouveau:recipes/ars_nouveau/smooth_gilded_sourcestone_basketweave_slab": {
    "criteria": {
      "has_journal": "2024-06-10 20:35:10 +0000"
    },
    "done": true
  },
  "ars_nouveau:recipes/ars_nouveau/worn_notebook": {
    "criteria": {
      "has_journal": "2024-06-10 20:35:10 +0000"
    },
    "done": true
  },
  "ars_nouveau:recipes/ars_nouveau/archwood_stairs": {
    "criteria": {
      "has_journal": "2024-06-10 20:35:10 +0000"
    },
    "done": true
  },
  "ars_nouveau:recipes/ars_nouveau/smooth_gilded_sourcestone_small_bricks_stairs": {
    "criteria": {
      "has_journal": "2024-06-10 20:35:10 +0000"
    },
    "done": true
  },
  "mcwbridges:recipes/diorite_bridge": {
    "criteria": {
      "has_planks": "2024-06-10 20:36:06 +0000"
    },
    "done": true
  },
  "ars_nouveau:recipes/ars_nouveau/ritual_animal_summon": {
    "criteria": {
      "has_journal": "2024-06-10 20:35:10 +0000"
    },
    "done": true
  },
  "ars_nouveau:recipes/ars_nouveau/archwood_button": {
    "criteria": {
      "has_journal": "2024-06-10 20:35:10 +0000"
    },
    "done": true
  },
  "ars_nouveau:recipes/ars_nouveau/smooth_gilded_sourcestone_alternating_to_sourcestone": {
    "criteria": {
      "has_journal": "2024-06-10 20:35:10 +0000"
    },
    "done": true
  },
  "ars_nouveau:recipes/misc/wing_to_leather": {
    "criteria": {
      "has_journal": "2024-06-10 20:35:10 +0000"
    },
    "done": true
  },
  "ars_nouveau:recipes/ars_nouveau/sourcestone_basketweave_to_sourcestone": {
    "criteria": {
      "has_journal": "2024-06-10 20:35:10 +0000"
    },
    "done": true
  },
  "ars_nouveau:recipes/ars_nouveau/smooth_sourcestone_alternating_slab": {
    "criteria": {
      "has_journal": "2024-06-10 20:35:10 +0000"
    },
    "done": true
  },
  "ars_nouveau:recipes/ars_nouveau/smooth_gilded_sourcestone_mosaic_slab": {
    "criteria": {
      "has_journal": "2024-06-10 20:35:10 +0000"
    },
    "done": true
  },
  "ars_nouveau:recipes/ars_nouveau/source_jar": {
    "criteria": {
      "has_journal": "2024-06-10 20:35:10 +0000"
    },
    "done": true
  },
  "ars_nouveau:recipes/ars_nouveau/smooth_sourcestone_mosaic_stonecutter_stair": {
    "criteria": {
      "has_journal": "2024-06-10 20:35:10 +0000"
    },
    "done": true
  },
  "minecraft:recipes/decorations/deepslate_tile_wall_from_polished_deepslate_stonecutting": {
    "criteria": {
      "has_polished_deepslate": "2024-06-10 20:36:09 +0000"
    },
    "done": true
  },
  "ars_nouveau:recipes/ars_nouveau/archwood_pressure_plate": {
    "criteria": {
      "has_journal": "2024-06-10 20:35:10 +0000"
    },
    "done": true
  },
  "ars_nouveau:recipes/ars_nouveau/gilded_sourcestone_small_bricks_to_sourcestone": {
    "criteria": {
      "has_journal": "2024-06-10 20:35:10 +0000"
    },
    "done": true
  },
  "ars_nouveau:recipes/ars_nouveau/gilded_sourcestone_basketweave_slab": {
    "criteria": {
      "has_journal": "2024-06-10 20:35:10 +0000"
    },
    "done": true
  },
  "minecraft:recipes/building_blocks/polished_diorite_stairs_from_diorite_stonecutting": {
    "criteria": {
      "has_diorite": "2024-06-10 20:36:06 +0000"
    },
    "done": true
  },
  "minecraft:recipes/decorations/polished_deepslate_wall_from_polished_deepslate_stonecutting": {
    "criteria": {
      "has_polished_deepslate": "2024-06-10 20:36:09 +0000"
    },
    "done": true
  },
  "ars_nouveau:recipes/ars_nouveau/gilded_sourcestone_large_bricks_stonecutter_stair": {
    "criteria": {
      "has_journal": "2024-06-10 20:35:10 +0000"
    },
    "done": true
  },
  "ars_nouveau:recipes/ars_nouveau/blank_thread": {
    "criteria": {
      "has_journal": "2024-06-10 20:35:10 +0000"
    },
    "done": true
  },
  "ars_nouveau:recipes/ars_nouveau/challenge_2": {
    "criteria": {
      "has_journal": "2024-06-10 20:35:10 +0000"
    },
    "done": true
  },
  "minecraft:recipes/building_blocks/deepslate_brick_stairs_from_polished_deepslate_stonecutting": {
    "criteria": {
      "has_polished_deepslate": "2024-06-10 20:36:09 +0000"
    },
    "done": true
  },
  "ars_nouveau:recipes/ars_nouveau/dowsing_rod": {
    "criteria": {
      "has_journal": "2024-06-10 20:35:10 +0000"
    },
    "done": true
  },
  "ars_nouveau:recipes/ars_nouveau/imbuement_chamber": {
    "criteria": {
      "has_journal": "2024-06-10 20:35:10 +0000"
    },
    "done": true
  },
  "ars_nouveau:recipes/ars_nouveau/runic_chalk": {
    "criteria": {
      "has_journal": "2024-06-10 20:35:10 +0000"
    },
    "done": true
  },
  "minecraft:recipes/building_blocks/diorite_stairs_from_diorite_stonecutting": {
    "criteria": {
      "has_diorite": "2024-06-10 20:36:06 +0000"
    },
    "done": true
  },
  "ars_nouveau:recipes/ars_nouveau/gilded_sourcestone_small_bricks_stone_cutterslab": {
    "criteria": {
      "has_journal": "2024-06-10 20:35:10 +0000"
    },
    "done": true
  },
  "ars_nouveau:recipes/ars_nouveau/sourcestone_small_bricks_stone_cutterslab": {
    "criteria": {
      "has_journal": "2024-06-10 20:35:10 +0000"
    },
    "done": true
  },
  "ars_nouveau:recipes/building_blocks/conjuration_essence_to_end_stone": {
    "criteria": {
      "has_journal": "2024-06-10 20:35:10 +0000"
    },
    "done": true
  },
  "ars_nouveau:recipes/ars_nouveau/source_berry_pie": {
    "criteria": {
      "has_journal": "2024-06-10 20:35:10 +0000"
    },
    "done": true
  },
  "ars_nouveau:recipes/ars_nouveau/magebloom_block": {
    "criteria": {
      "has_journal": "2024-06-10 20:35:10 +0000"
    },
    "done": true
  },
  "ars_nouveau:recipes/ars_nouveau/smooth_sourcestone_basketweave_slab": {
    "criteria": {
      "has_journal": "2024-06-10 20:35:10 +0000"
    },
    "done": true
  },
  "ars_nouveau:recipes/misc/air_essence_to_snow_bucket": {
    "criteria": {
      "has_journal": "2024-06-10 20:35:10 +0000"
    },
    "done": true
  },
  "ars_nouveau:recipes/ars_nouveau/smooth_sourcestone_small_bricks_stone_cutterslab": {
    "criteria": {
      "has_journal": "2024-06-10 20:35:10 +0000"
    },
    "done": true
  },
  "ars_nouveau:recipes/ars_nouveau/gilded_sourcestone_mosaic_stairs": {
    "criteria": {
      "has_journal": "2024-06-10 20:35:10 +0000"
    },
    "done": true
  },
  "ars_nouveau:recipes/ars_nouveau/ritual_brazier": {
    "criteria": {
      "has_journal": "2024-06-10 20:35:10 +0000"
    },
    "done": true
  },
  "ars_nouveau:recipes/ars_nouveau/smooth_gilded_sourcestone_alternating_stairs": {
    "criteria": {
      "has_journal": "2024-06-10 20:35:10 +0000"
    },
    "done": true
  },
  "ars_nouveau:recipes/ars_nouveau/gilded_sourcestone_large_bricks_slab": {
    "criteria": {
      "has_journal": "2024-06-10 20:35:10 +0000"
    },
    "done": true
  },
  "ars_nouveau:recipes/ars_nouveau/enchanting_apparatus": {
    "criteria": {
      "has_journal": "2024-06-10 20:35:10 +0000"
    },
    "done": true
  },
  "ars_nouveau:recipes/ars_nouveau/smooth_sourcestone_alternating_stone_cutterslab": {
    "criteria": {
      "has_journal": "2024-06-10 20:35:10 +0000"
    },
    "done": true
  },
  "ars_nouveau:recipes/ars_nouveau/gilded_sourcestone_alternating_stone_cutterslab": {
    "criteria": {
      "has_journal": "2024-06-10 20:35:10 +0000"
    },
    "done": true
  },
  "ars_nouveau:recipes/ars_nouveau/smooth_sourcestone_basketweave_stone_cutterslab": {
    "criteria": {
      "has_journal": "2024-06-10 20:35:10 +0000"
    },
    "done": true
  },
  "ars_nouveau:recipes/ars_nouveau/gilded_sourcestone_alternating_to_sourcestone": {
    "criteria": {
      "has_journal": "2024-06-10 20:35:10 +0000"
    },
    "done": true
  },
  "ars_elemental:recipes/ars_elemental/spore_blossom_up": {
    "criteria": {
      "has_journal": "2024-06-10 20:35:10 +0000"
    },
    "done": true
  },
  "ars_nouveau:recipes/ars_nouveau/sourcestone_alternating_slab": {
    "criteria": {
      "has_journal": "2024-06-10 20:35:10 +0000"
    },
    "done": true
  },
  "ars_nouveau:recipes/ars_nouveau/purple_sbed": {
    "criteria": {
      "has_journal": "2024-06-10 20:35:10 +0000"
    },
    "done": true
  },
  "ars_nouveau:recipes/ars_nouveau/ritual_warping": {
    "criteria": {
      "has_journal": "2024-06-10 20:35:10 +0000"
    },
    "done": true
  },
  "ars_nouveau:recipes/ars_nouveau/sourcestone_mosaic_stone_cutterslab": {
    "criteria": {
      "has_journal": "2024-06-10 20:35:10 +0000"
    },
    "done": true
  },
  "ars_nouveau:recipes/ars_nouveau/gilded_sourcestone_basketweave_stone_cutterslab": {
    "criteria": {
      "has_journal": "2024-06-10 20:35:10 +0000"
    },
    "done": true
  },
  "storagedrawers:recipes/storagedrawers/fill_level_upgrade": {
    "criteria": {
      "has_template": "2024-06-10 20:35:10 +0000"
    },
    "done": true
  },
  "minecraft:recipes/tools/stone_shovel": {
    "criteria": {
      "has_cobblestone": "2024-06-10 20:36:06 +0000"
    },
    "done": true
  },
  "ars_elemental:recipes/ars_elemental/advanced_prism": {
    "criteria": {
      "has_journal": "2024-06-10 20:35:10 +0000"
    },
    "done": true
  },
  "ars_nouveau:recipes/combat/spike_to_arrow": {
    "criteria": {
      "has_journal": "2024-06-10 20:35:10 +0000"
    },
    "done": true
  },
  "ars_nouveau:recipes/ars_nouveau/wilden_summon_alt": {
    "criteria": {
      "has_journal": "2024-06-10 20:35:10 +0000"
    },
    "done": true
  },
  "storagedrawers:recipes/storagedrawers/quantify_key": {
    "criteria": {
      "has_template": "2024-06-10 20:35:10 +0000"
    },
    "done": true
  },
  "ars_nouveau:recipes/ars_nouveau/archwood_slab": {
    "criteria": {
      "has_journal": "2024-06-10 20:35:10 +0000"
    },
    "done": true
  },
  "storagedrawers:recipes/storagedrawers/max_redstone_upgrade": {
    "criteria": {
      "has_template": "2024-06-10 20:35:10 +0000"
    },
    "done": true
  },
  "ars_nouveau:recipes/ars_nouveau/ritual_forestation": {
    "criteria": {
      "has_journal": "2024-06-10 20:35:10 +0000"
    },
    "done": true
  },
  "ars_nouveau:recipes/ars_nouveau/ritual_scrying": {
    "criteria": {
      "has_journal": "2024-06-10 20:35:10 +0000"
    },
    "done": true
  },
  "minecraft:recipes/building_blocks/diorite_stairs": {
    "criteria": {
      "has_diorite": "2024-06-10 20:36:06 +0000"
    },
    "done": true
  },
  "tombstone:adventure/root": {
    "criteria": {
      "auto": "2024-06-10 20:35:12 +0000"
    },
    "done": true
  },
  "ars_nouveau:recipes/building_blocks/water_essence_to_obsidian": {
    "criteria": {
      "has_journal": "2024-06-10 20:35:10 +0000"
    },
    "done": true
  },
  "cataclysm:root": {
    "criteria": {
      "custom_test_name": "2024-06-10 20:35:11 +0000"
    },
    "done": true
  },
  "ars_nouveau:recipes/ars_nouveau/smooth_sourcestone_slab": {
    "criteria": {
      "has_journal": "2024-06-10 20:35:10 +0000"
    },
    "done": true
  },
  "ars_nouveau:recipes/ars_nouveau/ritual_burrowing": {
    "criteria": {
      "has_journal": "2024-06-10 20:35:10 +0000"
    },
    "done": true
  },
  "ars_nouveau:recipes/ars_nouveau/ritual_moonfall": {
    "criteria": {
      "has_journal": "2024-06-10 20:35:10 +0000"
    },
    "done": true
  },
  "minecraft:recipes/building_blocks/polished_deepslate_stairs_from_polished_deepslate_stonecutting": {
    "criteria": {
      "has_polished_deepslate": "2024-06-10 20:36:09 +0000"
    },
    "done": true
  },
  "ars_nouveau:recipes/ars_nouveau/smooth_sourcestone_stonecutter_stair": {
    "criteria": {
      "has_journal": "2024-06-10 20:35:10 +0000"
    },
    "done": true
  },
  "ars_elemental:recipes/ars_elemental/yellow_archwood": {
    "criteria": {
      "has_journal": "2024-06-10 20:35:10 +0000"
    },
    "done": true
  },
  "ars_nouveau:recipes/ars_nouveau/sourcestone_alternating_stone_cutterslab": {
    "criteria": {
      "has_journal": "2024-06-10 20:35:10 +0000"
    },
    "done": true
  },
  "ars_nouveau:recipes/ars_nouveau/relay": {
    "criteria": {
      "has_journal": "2024-06-10 20:35:10 +0000"
    },
    "done": true
  },
  "ars_nouveau:recipes/ars_nouveau/blaze_fiber": {
    "criteria": {
      "has_journal": "2024-06-10 20:35:10 +0000"
    },
    "done": true
  },
  "minecraft:recipes/building_blocks/andesite": {
    "criteria": {
      "has_stone": "2024-06-10 20:36:06 +0000"
    },
    "done": true
  },
  "minecraft:recipes/building_blocks/deepslate_bricks_from_polished_deepslate_stonecutting": {
    "criteria": {
      "has_polished_deepslate": "2024-06-10 20:36:09 +0000"
    },
    "done": true
  },
  "storagedrawers:recipes/storagedrawers/acacia_trim": {
    "criteria": {
      "has_planks": "2024-06-10 20:35:10 +0000"
    },
    "done": true
  },
  "ars_elemental:recipes/ars_nouveau/tablet_ritual_repulsion": {
    "criteria": {
      "has_journal": "2024-06-10 20:35:10 +0000"
    },
    "done": true
  },
  "ars_nouveau:recipes/ars_nouveau/ritual_flight": {
    "criteria": {
      "has_journal": "2024-06-10 20:35:10 +0000"
    },
    "done": true
  },
  "ars_nouveau:recipes/ars_nouveau/ritual_overgrowth": {
    "criteria": {
      "has_journal": "2024-06-10 20:35:10 +0000"
    },
    "done": true
  },
  "minecraft:recipes/building_blocks/polished_deepslate_stairs": {
    "criteria": {
      "has_polished_deepslate": "2024-06-10 20:36:09 +0000"
    },
    "done": true
  },
  "storagedrawers:recipes/storagedrawers/crimson_trim": {
    "criteria": {
      "has_planks": "2024-06-10 20:35:10 +0000"
    },
    "done": true
  },
  "ars_nouveau:recipes/ars_nouveau/smooth_gilded_sourcestone_basketweave_stonecutter_stair": {
    "criteria": {
      "has_journal": "2024-06-10 20:35:10 +0000"
    },
    "done": true
  },
  "ars_nouveau:recipes/building_blocks/manipulation_essence_to_granite": {
    "criteria": {
      "has_journal": "2024-06-10 20:35:10 +0000"
    },
    "done": true
  },
  "storagedrawers:recipes/storagedrawers/dark_oak_trim": {
    "criteria": {
      "has_planks": "2024-06-10 20:35:10 +0000"
    },
    "done": true
  },
  "ars_nouveau:recipes/decorations/archwood_to_chest": {
    "criteria": {
      "has_journal": "2024-06-10 20:35:10 +0000"
    },
    "done": true
  },
  "ars_nouveau:recipes/ars_nouveau/ritual_conjure_island_desert": {
    "criteria": {
      "has_journal": "2024-06-10 20:35:10 +0000"
    },
    "done": true
  },
  "ars_nouveau:recipes/ars_nouveau/stripped_green_archwood_wood": {
    "criteria": {
      "has_journal": "2024-06-10 20:35:10 +0000"
    },
    "done": true
  },
  "ars_elemental:recipes/ars_elemental/stripped_yellow_archwood": {
    "criteria": {
      "has_journal": "2024-06-10 20:35:10 +0000"
    },
    "done": true
  },
  "ars_nouveau:recipes/ars_nouveau/smooth_sourcestone_mosaic_stairs": {
    "criteria": {
      "has_journal": "2024-06-10 20:35:10 +0000"
    },
    "done": true
  },
  "ars_nouveau:recipes/ars_nouveau/mob_jar": {
    "criteria": {
      "has_journal": "2024-06-10 20:35:10 +0000"
    },
    "done": true
  },
  "minecraft:recipes/building_blocks/polished_diorite_from_diorite_stonecutting": {
    "criteria": {
      "has_diorite": "2024-06-10 20:36:06 +0000"
    },
    "done": true
  },
  "ars_nouveau:recipes/ars_nouveau/smooth_gilded_sourcestone_alternating_stone_cutterslab": {
    "criteria": {
      "has_journal": "2024-06-10 20:35:10 +0000"
    },
    "done": true
  },
  "ars_nouveau:recipes/ars_nouveau/smooth_gilded_sourcestone_small_bricks_to_sourcestone": {
    "criteria": {
      "has_journal": "2024-06-10 20:35:10 +0000"
    },
    "done": true
  },
  "mcwbridges:recipes/diorite_bridge_pier": {
    "criteria": {
      "has_planks": "2024-06-10 20:36:06 +0000"
    },
    "done": true
  },
  "ars_nouveau:recipes/ars_nouveau/sourcestone_small_bricks_stairs": {
    "criteria": {
      "has_journal": "2024-06-10 20:35:10 +0000"
    },
    "done": true
  },
  "ars_nouveau:recipes/ars_nouveau/smooth_gilded_sourcestone_large_bricks_to_sourcestone": {
    "criteria": {
      "has_journal": "2024-06-10 20:35:10 +0000"
    },
    "done": true
  },
  "ars_nouveau:recipes/ars_nouveau/sourcestone_mosaic_slab": {
    "criteria": {
      "has_journal": "2024-06-10 20:35:10 +0000"
    },
    "done": true
  },
  "mcwlights:recipes/lantern": {
    "criteria": {
      "has_wood": "2024-06-10 20:54:53 +0000"
    },
    "done": true
  },
  "ars_nouveau:recipes/building_blocks/fire_essence_to_magma_block": {
    "criteria": {
      "has_journal": "2024-06-10 20:35:10 +0000"
    },
    "done": true
  },
  "ars_nouveau:recipes/ars_nouveau/gilded_sourcestone_small_bricks_stonecutter_stair": {
    "criteria": {
      "has_journal": "2024-06-10 20:35:10 +0000"
    },
    "done": true
  },
  "ars_nouveau:recipes/building_blocks/manipulation_essence_to_grass_block": {
    "criteria": {
      "has_journal": "2024-06-10 20:35:10 +0000"
    },
    "done": true
  },
  "ars_nouveau:recipes/ars_nouveau/alteration_table": {
    "criteria": {
      "has_journal": "2024-06-10 20:35:10 +0000"
    },
    "done": true
  },
  "ars_nouveau:recipes/ars_nouveau/sourcestone_basketweave_stairs": {
    "criteria": {
      "has_journal": "2024-06-10 20:35:10 +0000"
    },
    "done": true
  },
  "ars_nouveau:recipes/ars_nouveau/smooth_gilded_sourcestone_alternating_slab": {
    "criteria": {
      "has_journal": "2024-06-10 20:35:10 +0000"
    },
    "done": true
  },
  "minecraft:recipes/decorations/diorite_wall": {
    "criteria": {
      "has_diorite": "2024-06-10 20:36:06 +0000"
    },
    "done": true
  },
  "ars_nouveau:recipes/ars_nouveau/ritual_harvest": {
    "criteria": {
      "has_journal": "2024-06-10 20:35:10 +0000"
    },
    "done": true
  },
  "byg:root": {
    "criteria": {
      "tick": "2024-06-10 20:35:11 +0000"
    },
    "done": true
  },
  "ars_nouveau:recipes/ars_nouveau/smooth_sourcestone_small_bricks_to_sourcestone": {
    "criteria": {
      "has_journal": "2024-06-10 20:35:10 +0000"
    },
    "done": true
  },
  "ars_nouveau:recipes/ars_nouveau/smooth_gilded_sourcestone_large_bricks_stonecutter_stair": {
    "criteria": {
      "has_journal": "2024-06-10 20:35:10 +0000"
    },
    "done": true
  },
  "ars_nouveau:recipes/ars_nouveau/archwood_trapdoor": {
    "criteria": {
      "has_journal": "2024-06-10 20:35:10 +0000"
    },
    "done": true
  },
  "ars_nouveau:recipes/ars_nouveau/clear_allow": {
    "criteria": {
      "has_journal": "2024-06-10 20:35:10 +0000"
    },
    "done": true
  },
  "ars_nouveau:recipes/ars_nouveau/smooth_gilded_sourcestone_mosaic_stairs": {
    "criteria": {
      "has_journal": "2024-06-10 20:35:10 +0000"
    },
    "done": true
  },
  "ars_nouveau:recipes/ars_nouveau/sourcestone_large_bricks_stairs": {
    "criteria": {
      "has_journal": "2024-06-10 20:35:10 +0000"
    },
    "done": true
  },
  "ars_nouveau:recipes/ars_nouveau/smooth_gilded_sourcestone_basketweave_to_sourcestone": {
    "criteria": {
      "has_journal": "2024-06-10 20:35:10 +0000"
    },
    "done": true
  },
  "ars_nouveau:recipes/ars_nouveau/arcane_pedestal": {
    "criteria": {
      "has_journal": "2024-06-10 20:35:10 +0000"
    },
    "done": true
  },
  "minecraft:adventure/adventuring_time": {
    "criteria": {
      "minecraft:river": "2024-06-10 20:38:18 +0000",
      "minecraft:savanna": "2024-06-10 20:37:57 +0000",
      "minecraft:plains": "2024-06-10 21:07:21 +0000"
    },
    "done": false
  },
  "ars_nouveau:recipes/ars_nouveau/sourcestone_large_bricks_to_sourcestone": {
    "criteria": {
      "has_journal": "2024-06-10 20:35:10 +0000"
    },
    "done": true
  },
  "ars_nouveau:recipes/ars_nouveau/smooth_sourcestone_large_bricks_slab": {
    "criteria": {
      "has_journal": "2024-06-10 20:35:10 +0000"
    },
    "done": true
  },
  "ars_nouveau:recipes/ars_nouveau/arcane_platform": {
    "criteria": {
      "has_journal": "2024-06-10 20:35:10 +0000"
    },
    "done": true
  },
  "ars_nouveau:recipes/ars_nouveau/gilded_sourcestone_mosaic_stone_cutterslab": {
    "criteria": {
      "has_journal": "2024-06-10 20:35:10 +0000"
    },
    "done": true
  },
  "ars_nouveau:recipes/ars_nouveau/gilded_sourcestone_large_bricks_stone_cutterslab": {
    "criteria": {
      "has_journal": "2024-06-10 20:35:10 +0000"
    },
    "done": true
  },
  "storagedrawers:recipes/storagedrawers/one_stack_upgrade": {
    "criteria": {
      "has_template": "2024-06-10 20:35:10 +0000"
    },
    "done": true
  },
  "ars_nouveau:recipes/ars_nouveau/spell_prism": {
    "criteria": {
      "has_journal": "2024-06-10 20:35:10 +0000"
    },
    "done": true
  },
  "ars_nouveau:recipes/building_blocks/manipulation_essence_to_deepslate": {
    "criteria": {
      "has_journal": "2024-06-10 20:35:10 +0000"
    },
    "done": true
  },
  "storagedrawers:recipes/storagedrawers/oak_trim": {
    "criteria": {
      "has_planks": "2024-06-10 20:35:10 +0000"
    },
    "done": true
  },
  "minecraft:recipes/combat/stone_sword": {
    "criteria": {
      "has_cobblestone": "2024-06-10 20:36:06 +0000"
    },
    "done": true
  },
  "ars_nouveau:recipes/ars_nouveau/scry_to_blank_parchment": {
    "criteria": {
      "has_journal": "2024-06-10 20:35:10 +0000"
    },
    "done": true
  },
  "minecraft:recipes/building_blocks/polished_deepslate_slab": {
    "criteria": {
      "has_polished_deepslate": "2024-06-10 20:36:09 +0000"
    },
    "done": true
  },
  "ars_nouveau:recipes/ars_nouveau/potion_jar": {
    "criteria": {
      "has_journal": "2024-06-10 20:35:10 +0000"
    },
    "done": true
  },
  "ars_elemental:recipes/ars_nouveau/tablet_ritual_detection": {
    "criteria": {
      "has_journal": "2024-06-10 20:35:10 +0000"
    },
    "done": true
  },
  "ars_nouveau:recipes/ars_nouveau/green_archwood_wood": {
    "criteria": {
      "has_journal": "2024-06-10 20:35:10 +0000"
    },
    "done": true
  },
  "minecraft:recipes/tools/stone_pickaxe": {
    "criteria": {
      "has_cobblestone": "2024-06-10 20:36:06 +0000"
    },
    "done": true
  },
  "mcwbridges:recipes/bridge_torch": {
    "criteria": {
      "has_planks": "2024-06-10 20:54:53 +0000"
    },
    "done": true
  },
  "ars_nouveau:recipes/ars_nouveau/smooth_sourcestone_alternating_stairs": {
    "criteria": {
      "has_journal": "2024-06-10 20:35:10 +0000"
    },
    "done": true
  },
  "ars_nouveau:recipes/ars_nouveau/magebloom_fiber": {
    "criteria": {
      "has_journal": "2024-06-10 20:35:10 +0000"
    },
    "done": true
  },
  "ars_nouveau:recipes/ars_nouveau/source_gem_block": {
    "criteria": {
      "has_journal": "2024-06-10 20:35:10 +0000"
    },
    "done": true
  },
  "ars_nouveau:recipes/building_blocks/manipulation_essence_to_tuff": {
    "criteria": {
      "has_journal": "2024-06-10 20:35:10 +0000"
    },
    "done": true
  },
  "ars_nouveau:recipes/ars_nouveau/smooth_gilded_sourcestone_large_bricks_stone_cutterslab": {
    "criteria": {
      "has_journal": "2024-06-10 20:35:10 +0000"
    },
    "done": true
  },
  "storagedrawers:recipes/storagedrawers/drawer_key": {
    "criteria": {
      "has_template": "2024-06-10 20:35:10 +0000"
    },
    "done": true
  },
  "ars_nouveau:recipes/ars_nouveau/experience_gem": {
    "criteria": {
      "has_journal": "2024-06-10 20:35:10 +0000"
    },
    "done": true
  },
  "ars_nouveau:recipes/ars_nouveau/source_gem_block_2": {
    "criteria": {
      "has_journal": "2024-06-10 20:35:10 +0000"
    },
    "done": true
  },
  "ars_nouveau:recipes/ars_nouveau/sourcestone_small_bricks_to_sourcestone": {
    "criteria": {
      "has_journal": "2024-06-10 20:35:10 +0000"
    },
    "done": true
  },
  "ars_nouveau:recipes/ars_nouveau/moonfall_2": {
    "criteria": {
      "has_journal": "2024-06-10 20:35:10 +0000"
    },
    "done": true
  },
  "ars_nouveau:recipes/ars_nouveau/smooth_sourcestone_small_bricks_slab": {
    "criteria": {
      "has_journal": "2024-06-10 20:35:10 +0000"
    },
    "done": true
  },
  "mcwlights:recipes/paper_lamp": {
    "criteria": {
      "has_wood": "2024-06-10 20:54:53 +0000"
    },
    "done": true
  },
  "ars_nouveau:recipes/ars_nouveau/archwood_door": {
    "criteria": {
      "has_journal": "2024-06-10 20:35:10 +0000"
    },
    "done": true
  },
  "ars_nouveau:recipes/ars_nouveau/smooth_gilded_sourcestone_large_bricks_stairs": {
    "criteria": {
      "has_journal": "2024-06-10 20:35:10 +0000"
    },
    "done": true
  },
  "ars_nouveau:recipes/ars_nouveau/ritual_gravity": {
    "criteria": {
      "has_journal": "2024-06-10 20:35:10 +0000"
    },
    "done": true
  },
  "ars_elemental:recipes/decorations/alt_blossom": {
    "criteria": {
      "has_journal": "2024-06-10 20:35:10 +0000"
    },
    "done": true
  },
  "ars_nouveau:recipes/ars_nouveau/gilded_sourcestone_large_bricks_stairs": {
    "criteria": {
      "has_journal": "2024-06-10 20:35:10 +0000"
    },
    "done": true
  },
  "ars_nouveau:recipes/ars_nouveau/gilded_sourcestone_mosaic_stonecutter_stair": {
    "criteria": {
      "has_journal": "2024-06-10 20:35:10 +0000"
    },
    "done": true
  },
  "ars_nouveau:recipes/ars_nouveau/sourcestone_large_bricks_slab": {
    "criteria": {
      "has_journal": "2024-06-10 20:35:10 +0000"
    },
    "done": true
  },
  "dungeons_arise:wda_root": {
    "criteria": {
      "WDA": "2024-06-10 20:35:11 +0000"
    },
    "done": true
  },
  "ars_nouveau:recipes/ars_nouveau/smooth_sourcestone_stone_cutterslab": {
    "criteria": {
      "has_journal": "2024-06-10 20:35:10 +0000"
    },
    "done": true
  },
  "ars_nouveau:recipes/ars_nouveau/sourcestone_alternating_to_sourcestone": {
    "criteria": {
      "has_journal": "2024-06-10 20:35:10 +0000"
    },
    "done": true
  },
  "ars_nouveau:recipes/ars_nouveau/rotating_turret_to_basic_spell_turret": {
    "criteria": {
      "has_journal": "2024-06-10 20:35:10 +0000"
    },
    "done": true
  },
  "ars_nouveau:recipes/ars_nouveau/basic_spell_turret": {
    "criteria": {
      "has_journal": "2024-06-10 20:35:10 +0000"
    },
    "done": true
  },
  "ars_nouveau:recipes/ars_nouveau/smooth_gilded_sourcestone_small_bricks_stonecutter_stair": {
    "criteria": {
      "has_journal": "2024-06-10 20:35:10 +0000"
    },
    "done": true
  },
  "mcwbridges:recipes/balustrade_diorite_bridge": {
    "criteria": {
      "has_planks": "2024-06-10 20:36:06 +0000"
    },
    "done": true
  },
  "ars_nouveau:recipes/ars_nouveau/vitalic_sourcelink": {
    "criteria": {
      "has_journal": "2024-06-10 20:35:10 +0000"
    },
    "done": true
  },
  "ars_nouveau:recipes/ars_nouveau/mirrorweave": {
    "criteria": {
      "has_journal": "2024-06-10 20:35:10 +0000"
    },
    "done": true
  },
  "ars_nouveau:recipes/ars_nouveau/manipulation_essence_to_cascading_sapling": {
    "criteria": {
      "has_journal": "2024-06-10 20:35:10 +0000"
    },
    "done": true
  },
  "storagedrawers:recipes/storagedrawers/emerald_storage_upgrade": {
    "criteria": {
      "has_template": "2024-06-10 20:35:10 +0000"
    },
    "done": true
  },
  "ars_nouveau:recipes/ars_nouveau/smooth_sourcestone_alternating_to_sourcestone": {
    "criteria": {
      "has_journal": "2024-06-10 20:35:10 +0000"
    },
    "done": true
  },
  "storagedrawers:recipes/storagedrawers/obsidian_storage_upgrade": {
    "criteria": {
      "has_template": "2024-06-10 20:35:10 +0000"
    },
    "done": true
  },
  "ars_nouveau:recipes/ars_nouveau/smooth_gilded_sourcestone_basketweave_stone_cutterslab": {
    "criteria": {
      "has_journal": "2024-06-10 20:35:10 +0000"
    },
    "done": true
  },
  "ars_nouveau:recipes/ars_nouveau/redstone_relay": {
    "criteria": {
      "has_journal": "2024-06-10 20:35:10 +0000"
    },
    "done": true
  },
  "ars_nouveau:recipes/ars_nouveau/smooth_sourcestone_to_sourcestone": {
    "criteria": {
      "has_journal": "2024-06-10 20:35:10 +0000"
    },
    "done": true
  },
  "minecraft:recipes/building_blocks/polished_diorite": {
    "criteria": {
      "has_diorite": "2024-06-10 20:36:06 +0000"
    },
    "done": true
  },
  "storagedrawers:recipes/storagedrawers/gold_storage_upgrade": {
    "criteria": {
      "has_template": "2024-06-10 20:35:10 +0000"
    },
    "done": true
  },
  "ars_nouveau:recipes/ars_nouveau/scryers_crystal": {
    "criteria": {
      "has_journal": "2024-06-10 20:35:10 +0000"
    },
    "done": true
  },
  "ars_nouveau:recipes/ars_nouveau/manipulation_essence_to_flourishing_sapling": {
    "criteria": {
      "has_journal": "2024-06-10 20:35:10 +0000"
    },
    "done": true
  },
  "ars_nouveau:recipes/ars_nouveau/smooth_gilded_sourcestone_large_bricks_slab": {
    "criteria": {
      "has_journal": "2024-06-10 20:35:10 +0000"
    },
    "done": true
  },
  "ars_nouveau:recipes/ars_nouveau/mimic_scroll": {
    "criteria": {
      "has_journal": "2024-06-10 20:35:10 +0000"
    },
    "done": true
  },
  "minecraft:recipes/tools/stone_axe": {
    "criteria": {
      "has_cobblestone": "2024-06-10 20:36:06 +0000"
    },
    "done": true
  },
  "ars_nouveau:recipes/ars_nouveau/smooth_sourcestone_large_bricks_to_sourcestone": {
    "criteria": {
      "has_journal": "2024-06-10 20:35:10 +0000"
    },
    "done": true
  },
  "ars_nouveau:recipes/ars_nouveau/gilded_sourcestone_alternating_stairs": {
    "criteria": {
      "has_journal": "2024-06-10 20:35:10 +0000"
    },
    "done": true
  },
  "ars_nouveau:recipes/misc/horn_to_bonemeal": {
    "criteria": {
      "has_journal": "2024-06-10 20:35:10 +0000"
    },
    "done": true
  },
  "ars_nouveau:recipes/ars_nouveau/smooth_sourcestone_mosaic_to_sourcestone": {
    "criteria": {
      "has_journal": "2024-06-10 20:35:10 +0000"
    },
    "done": true
  },
  "ars_nouveau:recipes/ars_nouveau/wipe_spell_parchment": {
    "criteria": {
      "has_journal": "2024-06-10 20:35:10 +0000"
    },
    "done": true
  },
  "ars_nouveau:recipes/ars_nouveau/clear_deny": {
    "criteria": {
      "has_journal": "2024-06-10 20:35:10 +0000"
    },
    "done": true
  },
  "ars_nouveau:recipes/ars_nouveau/magelight_torch": {
    "criteria": {
      "has_journal": "2024-06-10 20:35:10 +0000"
    },
    "done": true
  },
  "DataVersion": 3120
}